source	chromosome	orig_boundary_id	boundary_bin	Mb_boundary	left_orig_seg	right_orig_seg	left_bins	right_bins	removed	retained	final_reason
cluster0	chr1	0	50	5.9	0	1	50	406	False	True	terminal_unchanged
cluster0	chr1	1	456	46.8	1	2	406	218	False	True	long_long_not_candidate
cluster0	chr1	2	674	68.6	2	3	218	89	False	True	effect_ge_tau
cluster0	chr1	3	763	77.5	3	4	89	420	False	True	effect_ge_tau
cluster0	chr1	4	1183	120.0	4	5	420	62	False	True	effect_ge_tau
cluster0	chr1	5	1245	149.8	5	6	62	70	False	True	effect_ge_tau
cluster0	chr1	6	1315	156.8	6	7	70	99	False	True	effect_ge_tau
cluster0	chr1	7	1414	166.8	7	8	99	690	False	True	effect_ge_tau
cluster0	chr1	8	2104	236.0	8	9	690	128	False	True	terminal_unchanged
cluster1	chr1	0	50	5.9	0	1	50	406	False	True	terminal_unchanged
cluster1	chr1	1	456	46.8	1	2	406	218	False	True	long_long_not_candidate
cluster1	chr1	2	674	68.6	2	3	218	89	False	True	effect_ge_tau
cluster1	chr1	3	763	77.5	3	4	89	420	False	True	effect_ge_tau
cluster1	chr1	4	1183	120.0	4	5	420	62	False	True	effect_ge_tau
cluster1	chr1	5	1245	149.8	5	6	62	70	False	True	effect_ge_tau
cluster1	chr1	6	1315	156.8	6	7	70	99	False	True	effect_ge_tau
cluster1	chr1	7	1414	166.8	7	8	99	690	False	True	effect_ge_tau
cluster1	chr1	8	2104	236.0	8	9	690	128	False	True	terminal_unchanged
cluster2	chr1	0	50	5.9	0	1	50	406	False	True	terminal_unchanged
cluster2	chr1	1	456	46.8	1	2	406	307	False	True	long_long_not_candidate
cluster2	chr1	2	763	77.5	2	3	307	420	False	True	long_long_not_candidate
cluster2	chr1	3	1183	120.0	3	4	420	62	False	True	effect_ge_tau
cluster2	chr1	4	1245	149.8	4	5	62	70	False	True	effect_ge_tau
cluster2	chr1	5	1315	156.8	5	6	70	99	False	True	effect_ge_tau
cluster2	chr1	6	1414	166.8	6	7	99	690	False	True	effect_ge_tau
cluster2	chr1	7	2104	236.0	7	8	690	128	False	True	terminal_unchanged
cluster3	chr1	0	50	5.9	0	1	50	413	False	True	terminal_unchanged
cluster3	chr1	1	463	47.5	1	2	413	30	False	True	effect_ge_tau
cluster3	chr1	2	493	50.5	2	3	30	333	False	True	effect_ge_tau
cluster3	chr1	3	826	83.8	3	4	333	357	False	True	long_long_not_candidate
cluster3	chr1	4	1183	120.0	4	5	357	62	False	True	effect_ge_tau
cluster3	chr1	5	1245	149.8	5	6	62	70	False	True	effect_ge_tau
cluster3	chr1	6	1315	156.8	6	7	70	21	False	True	effect_ge_tau
cluster3	chr1	7	1336	158.9	7	8	21	44	False	True	effect_ge_tau
cluster3	chr1	8	1380	163.4	8	9	44	34	False	True	effect_ge_tau
cluster3	chr1	9	1414	166.8	9	10	34	690	False	True	effect_ge_tau
cluster3	chr1	10	2104	236.0	10	11	690	128	False	True	terminal_unchanged
cluster4	chr1	0	50	5.9	0	1	50	406	False	True	terminal_unchanged
cluster4	chr1	1	456	46.8	1	2	406	37	False	True	effect_ge_tau
cluster4	chr1	2	493	50.5	2	3	37	690	False	True	effect_ge_tau
cluster4	chr1	3	1183	120.0	3	4	690	62	False	True	effect_ge_tau
cluster4	chr1	4	1245	149.8	4	5	62	70	False	True	effect_ge_tau
cluster4	chr1	5	1315	156.8	5	6	70	65	False	True	effect_ge_tau
cluster4	chr1	6	1380	163.4	6	7	65	34	False	True	effect_ge_tau
cluster4	chr1	7	1414	166.8	7	8	34	690	False	True	effect_ge_tau
cluster4	chr1	8	2104	236.0	8	9	690	128	False	True	terminal_unchanged
cluster0	chr2	0	81	8.6	0	1	81	44	False	True	terminal_unchanged
cluster0	chr2	1	125	13.1	1	2	44	199	False	True	effect_ge_tau
cluster0	chr2	2	324	33.6	2	3	199	25	False	True	effect_ge_tau
cluster0	chr2	3	349	36.3	3	4	25	33	False	True	effect_ge_tau
cluster0	chr2	4	382	39.6	4	5	33	362	False	True	effect_ge_tau
cluster0	chr2	5	744	76.0	5	6	362	22	False	True	effect_ge_tau
cluster0	chr2	6	766	80.8	6	7	22	144	False	True	effect_ge_tau
cluster0	chr2	7	910	102.8	7	8	144	46	False	True	effect_ge_tau
cluster0	chr2	8	956	107.5	8	9	46	278	False	True	effect_ge_tau
cluster0	chr2	9	1234	142.1	9	10	278	932	False	True	long_long_not_candidate
cluster0	chr2	10	2166	235.8	10	11	932	59	False	True	terminal_unchanged
cluster1	chr2	0	81	8.6	0	1	81	60	False	True	terminal_unchanged
cluster1	chr2	1	141	14.8	1	2	60	183	False	True	effect_ge_tau
cluster1	chr2	2	324	33.6	2	3	183	25	False	True	effect_ge_tau
cluster1	chr2	3	349	36.3	3	4	25	33	False	True	effect_ge_tau
cluster1	chr2	4	382	39.6	4	5	33	362	False	True	effect_ge_tau
cluster1	chr2	5	744	76.0	5	6	362	21	False	True	effect_ge_tau
cluster1	chr2	6	765	80.7	6	7	21	145	False	True	effect_ge_tau
cluster1	chr2	7	910	102.8	7	8	145	233	False	True	long_long_not_candidate
cluster1	chr2	8	1143	133.0	8	9	233	91	False	True	effect_ge_tau
cluster1	chr2	9	1234	142.1	9	10	91	932	False	True	effect_ge_tau
cluster1	chr2	10	2166	235.8	10	11	932	59	False	True	terminal_unchanged
cluster2	chr2	0	83	8.8	0	1	83	661	False	True	terminal_unchanged
cluster2	chr2	1	744	76.0	1	2	661	21	False	True	effect_ge_tau
cluster2	chr2	2	765	80.7	2	3	21	145	False	True	effect_ge_tau
cluster2	chr2	3	910	102.8	3	4	145	322	False	True	long_long_not_candidate
cluster2	chr2	4	1232	141.9	4	5	322	895	False	True	long_long_not_candidate
cluster2	chr2	5	2127	231.8	5	6	895	98	False	True	terminal_unchanged
cluster3	chr2	0	81	8.6	0	1	81	44	False	True	terminal_unchanged
cluster3	chr2	1	125	13.1	1	2	44	77	False	True	effect_ge_tau
cluster3	chr2	2	202	20.9	2	3	77	21	False	True	effect_ge_tau
cluster3	chr2	3	223	23.3	3	4	21	521	False	True	effect_ge_tau
cluster3	chr2	4	744	76.0	4	5	521	22	False	True	effect_ge_tau
cluster3	chr2	5	766	80.8	5	6	22	123	False	True	effect_ge_tau
cluster3	chr2	6	889	100.7	6	7	123	21	False	True	effect_ge_tau
cluster3	chr2	7	910	102.8	7	8	21	52	False	True	effect_ge_tau
cluster3	chr2	8	962	108.1	8	9	52	253	False	True	effect_ge_tau
cluster3	chr2	9	1215	140.2	9	10	253	948	False	True	long_long_not_candidate
cluster3	chr2	10	2163	235.5	10	11	948	62	False	True	terminal_unchanged
cluster4	chr2	0	83	8.8	0	1	83	42	False	True	terminal_unchanged
cluster4	chr2	1	125	13.1	1	2	42	780	False	True	effect_ge_tau
cluster4	chr2	2	905	102.3	2	3	780	327	False	True	long_long_not_candidate
cluster4	chr2	3	1232	141.9	3	4	327	934	False	True	long_long_not_candidate
cluster4	chr2	4	2166	235.8	4	5	934	59	False	True	terminal_unchanged
cluster0	chr5	0	50	5.7	0	1	50	24	False	True	terminal_unchanged
cluster0	chr5	1	74	8.4	1	2	24	60	False	True	effect_ge_tau
cluster0	chr5	2	134	14.4	2	3	60	20	False	True	effect_ge_tau
cluster0	chr5	3	154	16.4	3	4	20	855	False	True	effect_ge_tau
cluster0	chr5	4	1009	110.7	4	5	855	28	False	True	effect_ge_tau
cluster0	chr5	5	1037	113.6	5	6	28	52	False	True	effect_ge_tau
cluster0	chr5	6	1089	118.9	6	7	52	324	False	True	effect_ge_tau
cluster0	chr5	7	1413	151.8	7	8	324	282	False	True	terminal_unchanged
cluster1	chr5	0	50	5.7	0	1	50	24	False	True	terminal_unchanged
cluster1	chr5	1	74	8.4	1	2	24	60	False	True	effect_ge_tau
cluster1	chr5	2	134	14.4	2	3	60	20	False	True	effect_ge_tau
cluster1	chr5	3	154	16.4	3	4	20	883	False	True	effect_ge_tau
cluster1	chr5	4	1037	113.6	4	5	883	52	False	True	effect_ge_tau
cluster1	chr5	5	1089	118.9	5	6	52	325	False	True	effect_ge_tau
cluster1	chr5	6	1414	151.9	6	7	325	30	False	True	effect_ge_tau
cluster1	chr5	7	1444	155.0	7	8	30	20	False	True	effect_ge_tau
cluster1	chr5	8	1464	157.1	8	9	20	39	False	True	effect_ge_tau
cluster1	chr5	9	1503	161.0	9	10	39	22	False	True	effect_ge_tau
cluster1	chr5	10	1525	163.3	10	11	22	107	False	True	effect_ge_tau
cluster1	chr5	11	1632	174.1	11	12	107	63	False	True	terminal_unchanged
cluster2	chr5	0	50	5.7	0	1	50	24	False	True	terminal_unchanged
cluster2	chr5	1	74	8.4	1	2	24	60	False	True	effect_ge_tau
cluster2	chr5	2	134	14.4	2	3	60	20	False	True	effect_ge_tau
cluster2	chr5	3	154	16.4	3	4	20	855	False	True	effect_ge_tau
cluster2	chr5	4	1009	110.7	4	5	855	28	False	True	effect_ge_tau
cluster2	chr5	5	1037	113.6	5	6	28	53	False	True	effect_ge_tau
cluster2	chr5	6	1090	119.0	6	7	53	324	False	True	effect_ge_tau
cluster2	chr5	7	1414	151.9	7	8	324	30	False	True	effect_ge_tau
cluster2	chr5	8	1444	155.0	8	9	30	20	False	True	effect_ge_tau
cluster2	chr5	9	1464	157.1	9	10	20	39	False	True	effect_ge_tau
cluster2	chr5	10	1503	161.0	10	11	39	22	False	True	effect_ge_tau
cluster2	chr5	11	1525	163.3	11	12	22	107	False	True	effect_ge_tau
cluster2	chr5	12	1632	174.1	12	13	107	63	False	True	terminal_unchanged
cluster3	chr5	0	50	5.7	0	1	50	24	False	True	terminal_unchanged
cluster3	chr5	1	74	8.4	1	2	24	80	False	True	effect_ge_tau
cluster3	chr5	2	154	16.4	2	3	80	191	False	True	effect_ge_tau
cluster3	chr5	3	345	36.1	3	4	191	59	False	True	effect_ge_tau
cluster3	chr5	4	404	42.0	4	5	59	47	False	True	effect_ge_tau
cluster3	chr5	5	451	51.3	5	6	47	587	False	True	effect_ge_tau
cluster3	chr5	6	1038	113.7	6	7	587	52	False	True	effect_ge_tau
cluster3	chr5	7	1090	119.0	7	8	52	292	False	True	effect_ge_tau
cluster3	chr5	8	1382	148.7	8	9	292	32	False	True	effect_ge_tau
cluster3	chr5	9	1414	151.9	9	10	32	68	False	True	effect_ge_tau
cluster3	chr5	10	1482	158.9	10	11	68	21	False	True	effect_ge_tau
cluster3	chr5	11	1503	161.0	11	12	21	22	False	True	effect_ge_tau
cluster3	chr5	12	1525	163.3	12	13	22	85	False	True	effect_ge_tau
cluster3	chr5	13	1610	171.9	13	14	85	22	False	True	effect_ge_tau
cluster3	chr5	14	1632	174.1	14	15	22	63	False	True	terminal_unchanged
cluster4	chr5	0	154	16.4	0	1	154	883	False	True	terminal_unchanged
cluster4	chr5	1	1037	113.6	1	2	883	53	False	True	effect_ge_tau
cluster4	chr5	2	1090	119.0	2	3	53	324	False	True	effect_ge_tau
cluster4	chr5	3	1414	151.9	3	4	324	89	False	True	effect_ge_tau
cluster4	chr5	4	1503	161.0	4	5	89	22	False	True	effect_ge_tau
cluster4	chr5	5	1525	163.3	5	6	22	170	False	True	terminal_unchanged
cluster0	chr7	0	79	8.3	0	1	79	25	False	True	terminal_unchanged
cluster0	chr7	1	104	10.8	1	2	25	198	False	True	effect_ge_tau
cluster0	chr7	2	302	30.6	2	3	198	207	False	True	long_long_not_candidate
cluster0	chr7	3	509	51.4	3	4	207	20	False	True	effect_ge_tau
cluster0	chr7	4	529	53.6	4	5	20	69	False	True	effect_ge_tau
cluster0	chr7	5	598	67.4	5	6	69	27	False	True	effect_ge_tau
cluster0	chr7	6	625	70.1	6	7	27	33	False	True	effect_ge_tau
cluster0	chr7	7	658	73.4	7	8	33	56	False	True	effect_ge_tau
cluster0	chr7	8	714	79.2	8	9	56	60	False	True	effect_ge_tau
cluster0	chr7	9	774	85.2	9	10	60	49	False	True	effect_ge_tau
cluster0	chr7	10	823	90.1	10	11	49	546	False	True	effect_ge_tau
cluster0	chr7	11	1369	145.7	11	12	546	23	False	True	effect_ge_tau
cluster0	chr7	12	1392	148.2	12	13	23	103	False	True	terminal_unchanged
cluster1	chr7	0	79	8.3	0	1	79	25	False	True	terminal_unchanged
cluster1	chr7	1	104	10.8	1	2	25	198	False	True	effect_ge_tau
cluster1	chr7	2	302	30.6	2	3	198	207	False	True	long_long_not_candidate
cluster1	chr7	3	509	51.4	3	4	207	20	False	True	effect_ge_tau
cluster1	chr7	4	529	53.6	4	5	20	69	False	True	effect_ge_tau
cluster1	chr7	5	598	67.4	5	6	69	26	False	True	effect_ge_tau
cluster1	chr7	6	624	70.0	6	7	26	34	False	True	effect_ge_tau
cluster1	chr7	7	658	73.4	7	8	34	56	False	True	effect_ge_tau
cluster1	chr7	8	714	79.2	8	9	56	60	False	True	effect_ge_tau
cluster1	chr7	9	774	85.2	9	10	60	28	False	True	effect_ge_tau
cluster1	chr7	10	802	88.0	10	11	28	21	False	True	effect_ge_tau
cluster1	chr7	11	823	90.1	11	12	21	409	False	True	effect_ge_tau
cluster1	chr7	12	1232	131.5	12	13	409	137	False	True	long_long_not_candidate
cluster1	chr7	13	1369	145.7	13	14	137	126	False	True	terminal_unchanged
cluster2	chr7	0	79	8.3	0	1	79	24	False	True	terminal_unchanged
cluster2	chr7	1	103	10.7	1	2	24	199	False	True	effect_ge_tau
cluster2	chr7	2	302	30.6	2	3	199	207	False	True	long_long_not_candidate
cluster2	chr7	3	509	51.4	3	4	207	20	False	True	effect_ge_tau
cluster2	chr7	4	529	53.6	4	5	20	69	False	True	effect_ge_tau
cluster2	chr7	5	598	67.4	5	6	69	27	False	True	effect_ge_tau
cluster2	chr7	6	625	70.1	6	7	27	32	False	True	effect_ge_tau
cluster2	chr7	7	657	73.3	7	8	32	55	False	True	effect_ge_tau
cluster2	chr7	8	712	79.0	8	9	55	62	False	True	effect_ge_tau
cluster2	chr7	9	774	85.2	9	10	62	49	False	True	effect_ge_tau
cluster2	chr7	10	823	90.1	10	11	49	543	False	True	effect_ge_tau
cluster2	chr7	11	1366	145.4	11	12	543	129	False	True	terminal_unchanged
cluster3	chr7	0	79	8.3	0	1	79	25	False	True	terminal_unchanged
cluster3	chr7	1	104	10.8	1	2	25	198	False	True	effect_ge_tau
cluster3	chr7	2	302	30.6	2	3	198	89	False	True	effect_ge_tau
cluster3	chr7	3	391	39.5	3	4	89	118	False	True	effect_ge_tau
cluster3	chr7	4	509	51.4	4	5	118	20	False	True	effect_ge_tau
cluster3	chr7	5	529	53.6	5	6	20	69	False	True	effect_ge_tau
cluster3	chr7	6	598	67.4	6	7	69	26	False	True	effect_ge_tau
cluster3	chr7	7	624	70.0	7	8	26	34	False	True	effect_ge_tau
cluster3	chr7	8	658	73.4	8	9	34	54	False	True	effect_ge_tau
cluster3	chr7	9	712	79.0	9	10	54	62	False	True	effect_ge_tau
cluster3	chr7	10	774	85.2	10	11	62	28	False	True	effect_ge_tau
cluster3	chr7	11	802	88.0	11	12	28	21	False	True	effect_ge_tau
cluster3	chr7	12	823	90.1	12	13	21	386	False	True	effect_ge_tau
cluster3	chr7	13	1209	129.2	13	14	386	23	False	True	effect_ge_tau
cluster3	chr7	14	1232	131.5	14	15	23	134	False	True	effect_ge_tau
cluster3	chr7	15	1366	145.4	15	16	134	129	False	True	terminal_unchanged
cluster4	chr7	0	79	8.3	0	1	79	25	False	True	terminal_unchanged
cluster4	chr7	1	104	10.8	1	2	25	198	False	True	effect_ge_tau
cluster4	chr7	2	302	30.6	2	3	198	207	False	True	long_long_not_candidate
cluster4	chr7	3	509	51.4	3	4	207	20	False	True	effect_ge_tau
cluster4	chr7	4	529	53.6	4	5	20	69	False	True	effect_ge_tau
cluster4	chr7	5	598	67.4	5	6	69	26	False	True	effect_ge_tau
cluster4	chr7	6	624	70.0	6	7	26	34	False	True	effect_ge_tau
cluster4	chr7	7	658	73.4	7	8	34	54	False	True	effect_ge_tau
cluster4	chr7	8	712	79.0	8	9	54	62	False	True	effect_ge_tau
cluster4	chr7	9	774	85.2	9	10	62	49	False	True	effect_ge_tau
cluster4	chr7	10	823	90.1	10	11	49	410	False	True	effect_ge_tau
cluster4	chr7	11	1233	131.6	11	12	410	133	False	True	long_long_not_candidate
cluster4	chr7	12	1366	145.4	12	13	133	26	False	True	effect_ge_tau
cluster4	chr7	13	1392	148.2	13	14	26	103	False	True	terminal_unchanged
cluster0	chr8	0	50	6.5	0	1	50	825	False	True	terminal_unchanged
cluster0	chr8	1	875	97.5	1	2	825	59	False	True	effect_ge_tau
cluster0	chr8	2	934	103.5	2	3	59	114	False	True	effect_ge_tau
cluster0	chr8	3	1048	115.0	3	4	114	191	False	True	long_long_not_candidate
cluster0	chr8	4	1239	134.1	4	5	191	46	False	True	effect_ge_tau
cluster0	chr8	5	1285	138.7	5	6	46	60	False	True	terminal_unchanged
cluster1	chr8	0	50	6.5	0	1	50	825	False	True	terminal_unchanged
cluster1	chr8	1	875	97.5	1	2	825	59	False	True	effect_ge_tau
cluster1	chr8	2	934	103.5	2	3	59	114	False	True	effect_ge_tau
cluster1	chr8	3	1048	115.0	3	4	114	191	False	True	long_long_not_candidate
cluster1	chr8	4	1239	134.1	4	5	191	46	False	True	effect_ge_tau
cluster1	chr8	5	1285	138.7	5	6	46	60	False	True	terminal_unchanged
cluster2	chr8	0	50	6.5	0	1	50	825	False	True	terminal_unchanged
cluster2	chr8	1	875	97.5	1	2	825	120	False	True	long_long_not_candidate
cluster2	chr8	2	995	109.7	2	3	120	53	False	True	effect_ge_tau
cluster2	chr8	3	1048	115.0	3	4	53	191	False	True	effect_ge_tau
cluster2	chr8	4	1239	134.1	4	5	191	20	False	True	effect_ge_tau
cluster2	chr8	5	1259	136.1	5	6	20	26	False	True	effect_ge_tau
cluster2	chr8	6	1285	138.7	6	7	26	60	False	True	terminal_unchanged
cluster3	chr8	0	50	6.5	0	1	50	826	False	True	terminal_unchanged
cluster3	chr8	1	876	97.6	1	2	826	40	False	True	effect_ge_tau
cluster3	chr8	2	916	101.7	2	3	40	136	False	True	effect_ge_tau
cluster3	chr8	3	1052	115.4	3	4	136	187	False	True	long_long_not_candidate
cluster3	chr8	4	1239	134.1	4	5	187	46	False	True	effect_ge_tau
cluster3	chr8	5	1285	138.7	5	6	46	60	False	True	terminal_unchanged
cluster4	chr8	0	50	6.5	0	1	50	346	False	True	terminal_unchanged
cluster4	chr8	1	396	42.9	1	2	346	20	False	True	effect_ge_tau
cluster4	chr8	2	416	47.2	2	3	20	149	False	True	effect_ge_tau
cluster4	chr8	3	565	62.3	3	4	149	24	False	True	effect_ge_tau
cluster4	chr8	4	589	65.5	4	5	24	86	False	True	effect_ge_tau
cluster4	chr8	5	675	74.4	5	6	86	25	False	True	effect_ge_tau
cluster4	chr8	6	700	77.0	6	7	25	539	False	True	effect_ge_tau
cluster4	chr8	7	1239	134.1	7	8	539	20	False	True	effect_ge_tau
cluster4	chr8	8	1259	136.1	8	9	20	26	False	True	effect_ge_tau
cluster4	chr8	9	1285	138.7	9	10	26	60	False	True	terminal_unchanged
cluster0	chr9	0	192	22.5	0	1	192	26	False	True	terminal_unchanged
cluster0	chr9	1	218	26.7	1	2	26	442	False	True	effect_ge_tau
cluster0	chr9	2	660	100.6	2	3	442	29	False	True	effect_ge_tau
cluster0	chr9	3	689	103.5	3	4	29	32	False	True	effect_ge_tau
cluster0	chr9	4	721	106.7	4	5	32	95	False	True	effect_ge_tau
cluster0	chr9	5	816	116.3	5	6	95	40	False	True	effect_ge_tau
cluster0	chr9	6	856	120.3	6	7	40	122	False	True	effect_ge_tau
cluster0	chr9	7	978	132.5	7	8	122	53	False	True	terminal_unchanged
cluster1	chr9	0	72	7.3	0	1	72	22	False	True	terminal_unchanged
cluster1	chr9	1	94	12.5	1	2	22	100	False	True	effect_ge_tau
cluster1	chr9	2	194	22.7	2	3	100	24	False	True	effect_ge_tau
cluster1	chr9	3	218	26.7	3	4	24	762	False	True	effect_ge_tau
cluster1	chr9	4	980	132.7	4	5	762	51	False	True	terminal_unchanged
cluster2	chr9	0	71	7.2	0	1	71	23	False	True	terminal_unchanged
cluster2	chr9	1	94	12.5	1	2	23	84	False	True	effect_ge_tau
cluster2	chr9	2	178	20.9	2	3	84	40	False	True	effect_ge_tau
cluster2	chr9	3	218	26.7	3	4	40	762	False	True	effect_ge_tau
cluster2	chr9	4	980	132.7	4	5	762	51	False	True	terminal_unchanged
cluster3	chr9	0	194	22.7	0	1	194	24	False	True	terminal_unchanged
cluster3	chr9	1	218	26.7	1	2	24	58	False	True	effect_ge_tau
cluster3	chr9	2	276	32.5	2	3	58	55	False	True	effect_ge_tau
cluster3	chr9	3	331	38.2	3	4	55	24	False	True	effect_ge_tau
cluster3	chr9	4	355	69.6	4	5	24	305	False	True	effect_ge_tau
cluster3	chr9	5	660	100.6	5	6	305	30	False	True	effect_ge_tau
cluster3	chr9	6	690	103.6	6	7	30	31	False	True	effect_ge_tau
cluster3	chr9	7	721	106.7	7	8	31	95	False	True	effect_ge_tau
cluster3	chr9	8	816	116.3	8	9	95	40	False	True	effect_ge_tau
cluster3	chr9	9	856	120.3	9	10	40	122	False	True	effect_ge_tau
cluster3	chr9	10	978	132.5	10	11	122	53	False	True	terminal_unchanged
cluster4	chr9	0	164	19.5	0	1	164	55	False	True	terminal_unchanged
cluster4	chr9	1	219	26.8	1	2	55	752	False	True	effect_ge_tau
cluster4	chr9	2	971	131.8	2	3	752	60	False	True	terminal_unchanged
cluster0	chr13	0	100	29.4	0	1	100	719	False	True	terminal_unchanged
cluster0	chr13	1	819	106.6	1	2	719	75	False	True	terminal_unchanged
cluster1	chr13	0	100	29.4	0	1	100	719	False	True	terminal_unchanged
cluster1	chr13	1	819	106.6	1	2	719	75	False	True	terminal_unchanged
cluster2	chr13	0	51	24.5	0	1	51	49	False	True	terminal_unchanged
cluster2	chr13	1	100	29.4	1	2	49	233	False	True	effect_ge_tau
cluster2	chr13	2	333	52.7	2	3	233	20	False	True	effect_ge_tau
cluster2	chr13	3	353	60.0	3	4	20	43	False	True	effect_ge_tau
cluster2	chr13	4	396	64.3	4	5	43	423	False	True	effect_ge_tau
cluster2	chr13	5	819	106.6	5	6	423	75	False	True	terminal_unchanged
cluster3	chr13	0	100	29.4	0	1	100	107	False	True	terminal_unchanged
cluster3	chr13	1	207	40.1	1	2	107	118	False	True	long_long_not_candidate
cluster3	chr13	2	325	51.9	2	3	118	25	False	True	effect_ge_tau
cluster3	chr13	3	350	59.7	3	4	25	45	False	True	effect_ge_tau
cluster3	chr13	4	395	64.2	4	5	45	260	False	True	effect_ge_tau
cluster3	chr13	5	655	90.2	5	6	260	164	False	True	long_long_not_candidate
cluster3	chr13	6	819	106.6	6	7	164	75	False	True	terminal_unchanged
cluster4	chr13	0	100	29.4	0	1	100	719	False	True	terminal_unchanged
cluster4	chr13	1	819	106.6	1	2	719	75	False	True	terminal_unchanged
