source	chromosome	orig_seg_id	bin_start	bin_end	seg_length	Mb_start	Mb_end	median_seg	mean_seg_perbin	trimmean_seg_perbin	var_seg_perbin	std_seg_perbin	cv_seg_perbin	n_bins_seg	median_left	delta_left	srd_phi_left	frac_under_left	eligible_left	merged_left	reason_left	flank_orig_seg_left	mean_left_flank_perbin	trimmean_left_flank_perbin	var_left_flank_perbin	std_left_flank_perbin	cv_left_flank_perbin	n_bins_left_flank	delta_mean_left	delta_trim_left	median_right	delta_right	srd_phi_right	frac_under_right	eligible_right	merged_right	reason_right	flank_orig_seg_right	mean_right_flank_perbin	trimmean_right_flank_perbin	var_right_flank_perbin	std_right_flank_perbin	cv_right_flank_perbin	n_bins_right_flank	delta_mean_right	delta_trim_right
cluster0	chr1	3	674	763	89	68.6	77.5	2.38935	2.90812	2.4928	3.18066	1.78344	0.61326	89	3.33326	-0.4803	-2.6384	0.0	False	False	effect_ge_tau	2	3.80026	3.45928	4.835335	2.19894	0.57863	218	-0.386	-0.4727	3.54149	-0.5677	-3.7982	0.0	False	False	effect_ge_tau	4	4.13915	3.9581	4.882621	2.20967	0.53385	420	-0.5092	-0.667
cluster0	chr1	5	1183	1245	62	120.0	149.8	2.23572	3.62645	2.8989	15.310204	3.91283	1.07897	62	3.54149	-0.6636	-1.303	0.0	False	False	effect_ge_tau	4	4.13915	3.9581	4.882621	2.20967	0.53385	420	-0.1908	-0.4493	9.90711	-2.1477	-10.598	0.0	False	False	effect_ge_tau	6	10.71301	10.30956	23.102683	4.80652	0.44866	70	-1.5627	-1.8304
cluster0	chr1	6	1245	1315	70	149.8	156.8	9.90711	10.71301	10.30956	23.102683	4.80652	0.44866	70	2.23572	2.1477	10.598	0.0	False	False	effect_ge_tau	5	3.62645	2.8989	15.310204	3.91283	1.07897	62	1.5627	1.8304	5.66489	0.8064	6.4656	0.0	False	False	effect_ge_tau	7	6.45741	5.82216	13.596368	3.68733	0.57102	99	0.7303	0.8244
cluster0	chr1	7	1315	1414	99	156.8	166.8	5.66489	6.45741	5.82216	13.596368	3.68733	0.57102	99	9.90711	-0.8064	-6.4656	0.0	False	False	effect_ge_tau	6	10.71301	10.30956	23.102683	4.80652	0.44866	70	-0.7303	-0.8244	7.50698	-0.4062	-5.1146	0.0	False	False	effect_ge_tau	8	8.69683	7.9263	29.743603	5.45377	0.6271	690	-0.4295	-0.4451
cluster1	chr1	3	674	763	89	68.6	77.5	2.43015	2.91316	2.49051	3.285866	1.8127	0.62224	89	3.29828	-0.4407	-2.6003	0.0	False	False	effect_ge_tau	2	3.82636	3.39495	5.280691	2.29798	0.60056	218	-0.3934	-0.4469	3.52031	-0.5347	-3.7601	0.0	False	False	effect_ge_tau	4	4.18035	3.94995	5.303482	2.30293	0.55089	420	-0.521	-0.6654
cluster1	chr1	5	1183	1245	62	120.0	149.8	2.10551	3.73306	2.96991	16.558851	4.06926	1.09006	62	3.52031	-0.7415	-1.088	0.0	False	False	effect_ge_tau	4	4.18035	3.94995	5.303482	2.30293	0.55089	420	-0.1633	-0.4114	10.00357	-2.2483	-10.0934	0.0	False	False	effect_ge_tau	6	10.77141	10.51979	26.177179	5.11636	0.47499	70	-1.5288	-1.8246
cluster1	chr1	6	1245	1315	70	149.8	156.8	10.00357	10.77141	10.51979	26.177179	5.11636	0.47499	70	2.10551	2.2483	10.0934	0.0	False	False	effect_ge_tau	5	3.73306	2.96991	16.558851	4.06926	1.09006	62	1.5288	1.8246	5.4198	0.8842	6.415	0.0	False	False	effect_ge_tau	7	6.39894	5.73528	14.456292	3.80214	0.59418	99	0.7513	0.8752
cluster1	chr1	7	1315	1414	99	156.8	166.8	5.4198	6.39894	5.73528	14.456292	3.80214	0.59418	99	10.00357	-0.8842	-6.415	0.0	False	False	effect_ge_tau	6	10.77141	10.51979	26.177179	5.11636	0.47499	70	-0.7513	-0.8752	7.48552	-0.4659	-5.216	0.0	False	False	effect_ge_tau	8	8.76803	8.05552	31.64321	5.62523	0.64156	690	-0.4544	-0.4901
cluster2	chr1	4	1183	1245	62	120.0	149.8	2.33719	3.57247	2.94586	13.494353	3.67347	1.02827	62	3.74809	-0.6814	-1.8013	0.0	False	False	effect_ge_tau	3	4.13311	4.02763	3.032184	1.74132	0.42131	420	-0.2103	-0.4512	9.82297	-2.0714	-12.7504	0.0	False	False	effect_ge_tau	5	10.21278	9.89622	15.307195	3.91244	0.38309	70	-1.5154	-1.7482
cluster2	chr1	5	1245	1315	70	149.8	156.8	9.82297	10.21278	9.89622	15.307195	3.91244	0.38309	70	2.33719	2.0714	12.7504	0.0	False	False	effect_ge_tau	4	3.57247	2.94586	13.494353	3.67347	1.02827	62	1.5154	1.7482	6.52953	0.5892	6.242	0.0	False	False	effect_ge_tau	6	6.94163	6.70973	10.115271	3.18045	0.45817	99	0.557	0.5606
cluster2	chr1	6	1315	1414	99	156.8	166.8	6.52953	6.94163	6.70973	10.115271	3.18045	0.45817	99	9.82297	-0.5892	-6.242	0.0	False	False	effect_ge_tau	5	10.21278	9.89622	15.307195	3.91244	0.38309	70	-0.557	-0.5606	7.76027	-0.2491	-4.7309	0.0	False	False	effect_ge_tau	7	8.59953	8.1522	16.689803	4.08532	0.47506	690	-0.309	-0.2809
cluster3	chr1	2	463	493	30	47.5	50.5	1.94225	1.98774	1.91986	0.643364	0.8021	0.40352	30	4.12894	-1.088	-4.2021	0.0	False	False	effect_ge_tau	1	4.29129	4.10306	6.041154	2.45788	0.57276	413	-1.1103	-1.0957	3.03595	-0.6444	-3.2379	0.0	False	False	effect_ge_tau	3	3.67734	3.23193	5.358568	2.31486	0.62949	333	-0.8875	-0.7514
cluster3	chr1	5	1183	1245	62	120.0	149.8	2.10965	3.46864	2.6936	15.081549	3.8835	1.1196	62	3.63891	-0.7865	-1.7994	0.0	False	False	effect_ge_tau	4	4.24332	3.97719	5.876448	2.42414	0.57128	357	-0.2908	-0.5622	10.64862	-2.3356	-10.5908	0.0	False	False	effect_ge_tau	6	11.19742	10.74331	26.526077	5.15035	0.45996	70	-1.6907	-1.9958
cluster3	chr1	6	1245	1315	70	149.8	156.8	10.64862	11.19742	10.74331	26.526077	5.15035	0.45996	70	2.10965	2.3356	10.5908	0.0	False	False	effect_ge_tau	5	3.46864	2.6936	15.081549	3.8835	1.1196	62	1.6907	1.9958	4.14732	1.3604	5.5108	0.0	False	False	effect_ge_tau	7	4.93384	4.93384	5.173788	2.2746	0.46102	21	1.1824	1.1227
cluster3	chr1	7	1315	1336	21	156.8	158.9	4.14732	4.93384	4.93384	5.173788	2.2746	0.46102	21	10.64862	-1.3604	-5.5108	0.0	False	False	effect_ge_tau	6	11.19742	10.74331	26.526077	5.15035	0.45996	70	-1.1824	-1.1227	7.0253	-0.7604	-3.1541	0.0	False	False	effect_ge_tau	8	8.36646	7.8125	17.943153	4.23594	0.5063	44	-0.7619	-0.6631
cluster3	chr1	8	1336	1380	44	158.9	163.4	7.0253	8.36646	7.8125	17.943153	4.23594	0.5063	44	4.14732	0.7604	3.1541	0.0	False	False	effect_ge_tau	7	4.93384	4.93384	5.173788	2.2746	0.46102	21	0.7619	0.6631	3.90639	0.8467	4.6632	0.0	False	False	effect_ge_tau	9	4.17366	3.74234	5.424723	2.3291	0.55805	34	1.0033	1.0618
cluster3	chr1	9	1380	1414	34	163.4	166.8	3.90639	4.17366	3.74234	5.424723	2.3291	0.55805	34	7.0253	-0.8467	-4.6632	0.0	False	False	effect_ge_tau	8	8.36646	7.8125	17.943153	4.23594	0.5063	44	-1.0033	-1.0618	7.47439	-0.9361	-6.3865	0.0	False	False	effect_ge_tau	10	8.86951	7.86603	37.801684	6.14831	0.6932	690	-1.0875	-1.0717
cluster4	chr1	2	456	493	37	46.8	50.5	2.19736	2.40666	2.40666	1.858227	1.36317	0.56642	37	3.95705	-0.8487	-3.7307	0.0	False	False	effect_ge_tau	1	4.11243	3.98594	4.481824	2.11703	0.51479	406	-0.773	-0.7279	3.22082	-0.5517	-3.3067	0.0	False	False	effect_ge_tau	3	3.86344	3.55078	4.636201	2.15318	0.55732	690	-0.6829	-0.5611
cluster4	chr1	4	1183	1245	62	120.0	149.8	2.15959	3.57694	3.17748	14.283371	3.77933	1.05658	62	3.22082	-0.5767	-0.7776	0.0	False	False	effect_ge_tau	3	3.86344	3.55078	4.636201	2.15318	0.55732	690	-0.1112	-0.1603	9.59017	-2.1508	-10.3348	0.0	False	False	effect_ge_tau	5	10.26534	10.04879	20.517997	4.52968	0.44126	70	-1.521	-1.6611
cluster4	chr1	5	1245	1315	70	149.8	156.8	9.59017	10.26534	10.04879	20.517997	4.52968	0.44126	70	2.15959	2.1508	10.3348	0.0	False	False	effect_ge_tau	4	3.57694	3.17748	14.283371	3.77933	1.05658	62	1.521	1.6611	5.79963	0.7256	4.6421	0.0	False	False	effect_ge_tau	6	6.91298	6.44512	13.483475	3.67199	0.53117	65	0.5704	0.6407
cluster4	chr1	6	1315	1380	65	156.8	163.4	5.79963	6.91298	6.44512	13.483475	3.67199	0.53117	65	9.59017	-0.7256	-4.6421	0.0	False	False	effect_ge_tau	5	10.26534	10.04879	20.517997	4.52968	0.44126	70	-0.5704	-0.6407	3.25311	0.8341	3.2817	0.0	False	False	effect_ge_tau	7	4.51606	4.27543	8.032303	2.83413	0.62757	34	0.6142	0.5921
cluster4	chr1	7	1380	1414	34	163.4	166.8	3.25311	4.51606	4.27543	8.032303	2.83413	0.62757	34	5.79963	-0.8341	-3.2817	0.0	False	False	effect_ge_tau	6	6.91298	6.44512	13.483475	3.67199	0.53117	65	-0.6142	-0.5921	7.42251	-1.1901	-5.9618	0.0	False	False	effect_ge_tau	8	8.47845	7.89279	28.347903	5.32427	0.62798	690	-0.9087	-0.8845
cluster0	chr2	1	81	125	44	8.6	13.1	4.36719	4.94114	4.83099	3.051029	1.74672	0.35351	44	1.75313	1.3168	7.5803	0.0	False	False	terminal_unchanged	0	2.09147	1.84814	2.430991	1.55916	0.74549	81	1.2403	1.3862	3.34959	0.3827	3.0639	0.0	False	False	effect_ge_tau	2	3.77765	3.48958	5.588627	2.36403	0.62579	199	0.3874	0.4693
cluster0	chr2	3	324	349	25	33.6	36.3	1.46131	1.72634	1.72634	0.606579	0.77883	0.45115	25	3.34959	-1.1967	-5.0825	0.0	False	False	effect_ge_tau	2	3.77765	3.48958	5.588627	2.36403	0.62579	199	-1.1298	-1.0153	4.92397	-1.7526	-6.6089	0.0	False	False	effect_ge_tau	4	5.33664	5.33664	3.460408	1.86022	0.34857	33	-1.6282	-1.6282
cluster0	chr2	4	349	382	33	36.3	39.6	4.92397	5.33664	5.33664	3.460408	1.86022	0.34857	33	1.46131	1.7526	6.6089	0.0	False	False	effect_ge_tau	3	1.72634	1.72634	0.606579	0.77883	0.45115	25	1.6282	1.6282	3.83974	0.3588	2.7748	0.0	False	False	effect_ge_tau	5	4.1415	4.00566	4.390565	2.09537	0.50594	362	0.3658	0.4139
cluster0	chr2	6	744	766	22	76.0	80.8	1.12517	1.10165	1.10165	0.485539	0.69681	0.63251	22	3.83974	-1.7709	-7.3616	0.0	False	False	effect_ge_tau	5	4.1415	4.00566	4.390565	2.09537	0.50594	362	-1.9105	-1.8624	3.24748	-1.5292	-6.4428	0.0	False	False	effect_ge_tau	7	3.73513	3.48371	4.226944	2.05595	0.55044	144	-1.7615	-1.661
cluster0	chr2	8	910	956	46	102.8	107.5	1.52182	1.95394	1.5442	2.714879	1.64769	0.84327	46	3.24748	-1.0935	-5.523	0.0	False	False	effect_ge_tau	7	3.73513	3.48371	4.226944	2.05595	0.55044	144	-0.9348	-1.1738	2.51636	-0.7255	-3.6784	0.0	False	False	effect_ge_tau	9	2.99704	2.78097	4.264829	2.06515	0.68906	278	-0.6172	-0.8487
cluster1	chr2	1	81	141	60	8.6	14.8	4.07791	4.59988	4.36965	3.069143	1.7519	0.38086	60	1.62075	1.3312	7.5358	0.0	False	False	terminal_unchanged	0	1.97091	1.70912	2.643215	1.6258	0.8249	81	1.2227	1.3543	3.07582	0.4069	2.574	0.0	False	False	effect_ge_tau	2	3.7055	3.51816	6.26277	2.50255	0.67536	183	0.3119	0.3127
cluster1	chr2	3	324	349	25	33.6	36.3	1.43336	1.63791	1.56761	0.437101	0.66114	0.40365	25	3.07582	-1.1016	-4.959	0.0	False	False	effect_ge_tau	2	3.7055	3.51816	6.26277	2.50255	0.67536	183	-1.1778	-1.1663	4.84935	-1.7584	-6.4278	0.0	False	False	effect_ge_tau	4	5.25405	5.11088	3.85582	1.96362	0.37374	33	-1.6816	-1.705
cluster1	chr2	4	349	382	33	36.3	39.6	4.84935	5.25405	5.11088	3.85582	1.96362	0.37374	33	1.43336	1.7584	6.4278	0.0	False	False	effect_ge_tau	3	1.63791	1.56761	0.437101	0.66114	0.40365	25	1.6816	1.705	3.60996	0.4258	2.5581	0.0	False	False	effect_ge_tau	5	4.11031	3.93269	4.752911	2.18012	0.5304	362	0.3542	0.3781
cluster1	chr2	6	744	765	21	76.0	80.7	1.0588	1.06575	0.96981	0.478049	0.69141	0.64876	21	3.60996	-1.7695	-6.9529	0.0	False	False	effect_ge_tau	5	4.11031	3.93269	4.752911	2.18012	0.5304	362	-1.9474	-2.0197	3.24131	-1.6141	-6.1268	0.0	False	False	effect_ge_tau	7	3.71989	3.3808	4.682253	2.16385	0.5817	145	-1.8034	-1.8016
cluster1	chr2	9	1143	1234	91	133.0	142.1	2.55133	2.98802	2.55817	2.8538	1.68932	0.56537	91	2.0604	0.3083	1.0306	0.0	False	False	effect_ge_tau	8	2.73921	2.56637	4.919402	2.21797	0.80971	233	0.1254	-0.0046	3.49432	-0.4538	-4.8974	0.0	False	False	effect_ge_tau	10	4.19153	3.87841	5.875501	2.42394	0.5783	932	-0.4883	-0.6004
cluster2	chr2	2	744	765	21	76.0	80.7	1.27194	1.31859	1.31859	0.617181	0.78561	0.59579	21	3.78777	-1.5743	-7.7083	0.0	False	False	effect_ge_tau	1	3.9569	3.8517	3.099032	1.76041	0.4449	661	-1.5854	-1.5465	3.48528	-1.4542	-6.9721	0.0	False	False	effect_ge_tau	3	3.75004	3.63512	2.732028	1.65288	0.44077	145	-1.5079	-1.463
cluster3	chr2	1	81	125	44	8.6	13.1	4.50341	4.99192	4.85618	3.632635	1.90595	0.38181	44	1.3593	1.7282	8.2202	0.0	False	False	terminal_unchanged	0	1.78863	1.54721	2.044593	1.42989	0.79943	81	1.4807	1.6502	3.00582	0.5833	2.4075	0.0	False	False	effect_ge_tau	2	3.86763	3.15375	7.149844	2.67392	0.69136	77	0.3681	0.6228
cluster3	chr2	2	125	202	77	13.1	20.9	3.00582	3.86763	3.15375	7.149844	2.67392	0.69136	77	4.50341	-0.5833	-2.4075	0.0	False	False	effect_ge_tau	1	4.99192	4.85618	3.632635	1.90595	0.38181	44	-0.3681	-0.6228	0.64172	2.2277	7.0004	0.0	False	False	effect_ge_tau	3	0.7291	0.6476	0.170999	0.41352	0.56716	21	2.4073	2.2839
cluster3	chr2	3	202	223	21	20.9	23.3	0.64172	0.7291	0.6476	0.170999	0.41352	0.56716	21	3.00582	-2.2277	-7.0004	0.0	False	False	effect_ge_tau	2	3.86763	3.15375	7.149844	2.67392	0.69136	77	-2.4073	-2.2839	3.62872	-2.4994	-7.8933	0.0	False	False	effect_ge_tau	4	4.12115	3.98601	5.161276	2.27184	0.55127	521	-2.4989	-2.6218
cluster3	chr2	5	744	766	22	76.0	80.8	0.97102	0.99307	0.99307	0.356552	0.59712	0.60129	22	3.62872	-1.9019	-7.2406	0.0	False	False	effect_ge_tau	4	4.12115	3.98601	5.161276	2.27184	0.55127	521	-2.0531	-2.005	2.87587	-1.5664	-5.6237	0.0	False	False	effect_ge_tau	6	3.32819	3.04035	3.957861	1.98944	0.59775	123	-1.7448	-1.6143
cluster3	chr2	7	889	910	21	100.7	102.8	4.87905	5.27413	5.27413	5.790821	2.40641	0.45627	21	2.87587	0.7626	3.4725	0.0	False	False	effect_ge_tau	6	3.32819	3.04035	3.957861	1.98944	0.59775	123	0.6642	0.7947	1.3944	1.807	6.2818	0.0	False	False	effect_ge_tau	8	1.85438	1.43906	2.406638	1.55133	0.83658	52	1.508	1.8738
cluster3	chr2	8	910	962	52	102.8	108.1	1.3944	1.85438	1.43906	2.406638	1.55133	0.83658	52	4.87905	-1.807	-6.2818	0.0	False	False	effect_ge_tau	7	5.27413	5.27413	5.790821	2.40641	0.45627	21	-1.508	-1.8738	2.24517	-0.6872	-3.8271	0.0	False	False	effect_ge_tau	9	2.94269	2.76753	4.947631	2.22433	0.75588	253	-0.6662	-0.9435
cluster4	chr2	1	83	125	42	8.8	13.1	4.54452	4.9029	4.69184	2.73566	1.65398	0.33735	42	1.98474	1.1952	7.1485	0.0	False	False	terminal_unchanged	0	2.22625	1.97402	1.988399	1.41011	0.6334	83	1.139	1.249	3.31202	0.4564	3.4125	0.0	False	False	effect_ge_tau	2	3.71475	3.54458	4.317587	2.07788	0.55936	780	0.4004	0.4045
cluster0	chr5	1	50	74	24	5.7	8.4	0.58646	1.16887	0.66943	2.178929	1.47612	1.26287	24	1.47994	-1.3354	-2.304	0.0	False	False	terminal_unchanged	0	2.10195	1.8633	3.044662	1.7449	0.83013	50	-0.8466	-1.4769	2.65297	-2.1775	-4.3415	0.0	False	False	effect_ge_tau	2	3.13816	2.94379	2.957601	1.71977	0.54802	60	-1.4248	-2.1367
cluster0	chr5	2	74	134	60	8.4	14.4	2.65297	3.13816	2.94379	2.957601	1.71977	0.54802	60	0.58646	2.1775	4.3415	0.0	False	False	effect_ge_tau	1	1.16887	0.66943	2.178929	1.47612	1.26287	24	1.4248	2.1367	0.62414	2.0877	2.7801	0.0	False	False	effect_ge_tau	3	1.70389	1.70389	2.869205	1.69387	0.99412	20	0.8811	0.7888
cluster0	chr5	3	134	154	20	14.4	16.4	0.62414	1.70389	1.70389	2.869205	1.69387	0.99412	20	2.65297	-2.0877	-2.7801	0.0	False	False	effect_ge_tau	2	3.13816	2.94379	2.957601	1.71977	0.54802	60	-0.8811	-0.7888	3.34998	-2.4242	-4.4583	0.0	False	False	effect_ge_tau	4	3.93978	3.63376	5.896395	2.42825	0.61634	855	-1.2093	-1.0926
cluster0	chr5	5	1009	1037	28	110.7	113.6	5.14362	5.28385	5.28385	4.06688	2.01665	0.38166	28	3.34998	0.6186	2.6467	0.0	False	False	effect_ge_tau	4	3.93978	3.63376	5.896395	2.42825	0.61634	855	0.4235	0.5401	2.25889	1.1872	4.2487	0.0	False	False	effect_ge_tau	6	2.81235	2.27781	3.943903	1.98593	0.70615	52	0.9098	1.2139
cluster0	chr5	6	1037	1089	52	113.6	118.9	2.25889	2.81235	2.27781	3.943903	1.98593	0.70615	52	5.14362	-1.1872	-4.2487	0.0	False	False	effect_ge_tau	5	5.28385	5.28385	4.06688	2.01665	0.38166	28	-0.9098	-1.2139	5.91789	-1.3895	-8.8874	0.0	False	False	effect_ge_tau	7	6.55732	6.47756	11.584597	3.40362	0.51906	324	-1.2213	-1.5078
cluster1	chr5	1	50	74	24	5.7	8.4	0.46572	1.09743	0.51572	2.368949	1.53914	1.40249	24	1.30598	-1.4876	-2.43	0.0	False	False	terminal_unchanged	0	2.07965	1.818	3.551374	1.88451	0.90616	50	-0.9222	-1.8177	2.56649	-2.4623	-4.4556	0.0	False	False	effect_ge_tau	2	3.12199	2.92173	3.068771	1.75179	0.56111	60	-1.5083	-2.5022
cluster1	chr5	2	74	134	60	8.4	14.4	2.56649	3.12199	2.92173	3.068771	1.75179	0.56111	60	0.46572	2.4623	4.4556	0.0	False	False	effect_ge_tau	1	1.09743	0.51572	2.368949	1.53914	1.40249	24	1.5083	2.5022	0.54629	2.232	2.8737	0.0	False	False	effect_ge_tau	3	1.63365	1.63365	2.949269	1.71734	1.05123	20	0.9344	0.8387
cluster1	chr5	3	134	154	20	14.4	16.4	0.54629	1.63365	1.63365	2.949269	1.71734	1.05123	20	2.56649	-2.232	-2.8737	0.0	False	False	effect_ge_tau	2	3.12199	2.92173	3.068771	1.75179	0.56111	60	-0.9344	-0.8387	3.41828	-2.6455	-4.6401	0.0	False	False	effect_ge_tau	4	3.98799	3.66193	6.239821	2.49796	0.62637	883	-1.2876	-1.1645
cluster1	chr5	5	1037	1089	52	113.6	118.9	2.19073	2.82118	2.2806	4.059613	2.01485	0.71419	52	3.41828	-0.6419	-3.3893	0.0	False	False	effect_ge_tau	4	3.98799	3.66193	6.239821	2.49796	0.62637	883	-0.4994	-0.6832	5.8151	-1.4084	-8.755	0.0	False	False	effect_ge_tau	6	6.55789	6.40456	12.503078	3.53597	0.53919	325	-1.2169	-1.4897
cluster1	chr5	7	1414	1444	30	151.9	155.0	3.68607	4.21028	4.00622	4.793127	2.18932	0.51999	30	5.8151	-0.6577	-4.0437	0.0	False	False	effect_ge_tau	6	6.55789	6.40456	12.503078	3.53597	0.53919	325	-0.6393	-0.6769	1.57609	1.2257	3.2172	0.0	False	False	effect_ge_tau	8	2.09741	2.09741	1.785327	1.33616	0.63705	20	1.0053	0.9336
cluster1	chr5	8	1444	1464	20	155.0	157.1	1.57609	2.09741	2.09741	1.785327	1.33616	0.63705	20	3.68607	-1.2257	-3.2172	0.0	False	False	effect_ge_tau	7	4.21028	4.00622	4.793127	2.18932	0.51999	30	-1.0053	-0.9336	4.68831	-1.5727	-5.1477	0.0	False	False	effect_ge_tau	9	5.69016	4.70966	12.781384	3.57511	0.6283	39	-1.4399	-1.167
cluster1	chr5	9	1464	1503	39	157.1	161.0	4.68831	5.69016	4.70966	12.781384	3.57511	0.6283	39	1.57609	1.5727	5.1477	0.0	False	False	effect_ge_tau	8	2.09741	2.09741	1.785327	1.33616	0.63705	20	1.4399	1.167	1.0114	2.2127	7.2478	0.0	False	False	effect_ge_tau	10	1.16647	1.00014	0.250367	0.50037	0.42896	22	2.2863	2.2354
cluster1	chr5	10	1503	1525	22	161.0	163.3	1.0114	1.16647	1.00014	0.250367	0.50037	0.42896	22	4.68831	-2.2127	-7.2478	0.0	False	False	effect_ge_tau	9	5.69016	4.70966	12.781384	3.57511	0.6283	39	-2.2863	-2.2354	4.53903	-2.166	-7.5925	0.0	False	False	effect_ge_tau	11	5.39233	4.83268	8.44576	2.90616	0.53894	107	-2.2088	-2.2726
cluster2	chr5	1	50	74	24	5.7	8.4	0.86835	1.34884	0.87009	2.012953	1.41879	1.05185	24	1.84859	-1.0901	-2.9531	0.0	False	False	terminal_unchanged	0	2.35957	2.23384	2.470392	1.57175	0.66612	50	-0.8068	-1.3603	2.93298	-1.756	-5.3358	0.0	False	False	effect_ge_tau	2	3.3581	3.15177	1.921335	1.38612	0.41277	60	-1.3159	-1.8569
cluster2	chr5	2	74	134	60	8.4	14.4	2.93298	3.3581	3.15177	1.921335	1.38612	0.41277	60	0.86835	1.756	5.3358	0.0	False	False	effect_ge_tau	1	1.34884	0.87009	2.012953	1.41879	1.05185	24	1.3159	1.8569	0.88414	1.73	3.3556	0.0	False	False	effect_ge_tau	3	1.92394	1.92394	2.939537	1.71451	0.89115	20	0.8036	0.7121
cluster2	chr5	3	134	154	20	14.4	16.4	0.88414	1.92394	1.92394	2.939537	1.71451	0.89115	20	2.93298	-1.73	-3.3556	0.0	False	False	effect_ge_tau	2	3.3581	3.15177	1.921335	1.38612	0.41277	60	-0.8036	-0.7121	3.50316	-1.9863	-4.9476	0.0	False	False	effect_ge_tau	4	3.92062	3.71115	3.803116	1.95016	0.49741	855	-1.027	-0.9478
cluster2	chr5	5	1009	1037	28	110.7	113.6	5.38845	5.17425	5.17425	2.625312	1.62028	0.31314	28	3.50316	0.6212	3.1271	0.0	False	False	effect_ge_tau	4	3.92062	3.71115	3.803116	1.95016	0.49741	855	0.4003	0.4795	2.6831	1.006	4.465	0.0	False	False	effect_ge_tau	6	3.08787	2.74605	2.720862	1.6495	0.53419	53	0.7447	0.914
cluster2	chr5	6	1037	1090	53	113.6	119.0	2.6831	3.08787	2.74605	2.720862	1.6495	0.53419	53	5.38845	-1.006	-4.465	0.0	False	False	effect_ge_tau	5	5.17425	5.17425	2.625312	1.62028	0.31314	28	-0.7447	-0.914	6.03619	-1.1697	-10.0439	0.0	False	False	effect_ge_tau	7	6.44085	6.35796	7.314924	2.70461	0.41992	324	-1.0606	-1.2112
cluster2	chr5	8	1414	1444	30	151.9	155.0	4.32431	4.60955	4.60955	2.43471	1.56036	0.33851	30	6.03619	-0.4812	-3.9915	0.0	False	False	effect_ge_tau	7	6.44085	6.35796	7.314924	2.70461	0.41992	324	-0.4826	-0.4639	2.0299	1.0911	3.6352	0.0	False	False	effect_ge_tau	9	2.60561	2.60561	2.05906	1.43494	0.55071	20	0.823	0.823
cluster2	chr5	9	1444	1464	20	155.0	157.1	2.0299	2.60561	2.60561	2.05906	1.43494	0.55071	20	4.32431	-1.0911	-3.6352	0.0	False	False	effect_ge_tau	8	4.60955	4.60955	2.43471	1.56036	0.33851	30	-0.823	-0.823	5.51821	-1.4428	-5.7663	0.0	False	False	effect_ge_tau	10	5.91125	5.21248	7.191487	2.68169	0.45366	39	-1.1818	-1.0004
cluster2	chr5	10	1464	1503	39	157.1	161.0	5.51821	5.91125	5.21248	7.191487	2.68169	0.45366	39	2.0299	1.4428	5.7663	0.0	False	False	effect_ge_tau	9	2.60561	2.60561	2.05906	1.43494	0.55071	20	1.1818	1.0004	1.21988	2.1775	8.6352	0.0	False	False	effect_ge_tau	11	1.49479	1.4177	0.347426	0.58943	0.39432	22	1.9835	1.8784
cluster2	chr5	11	1503	1525	22	161.0	163.3	1.21988	1.49479	1.4177	0.347426	0.58943	0.39432	22	5.51821	-2.1775	-8.6352	0.0	False	False	effect_ge_tau	10	5.91125	5.21248	7.191487	2.68169	0.45366	39	-1.9835	-1.8784	5.08076	-2.0583	-9.0425	0.0	False	False	effect_ge_tau	12	5.60907	5.15155	5.509732	2.34728	0.41848	107	-1.9078	-1.8615
cluster3	chr5	1	50	74	24	5.7	8.4	0.61553	1.09987	0.66971	1.737627	1.31819	1.19849	24	1.28794	-1.0652	-1.8539	0.0	False	False	terminal_unchanged	0	1.81257	1.4541	2.556751	1.59898	0.88216	50	-0.7207	-1.1185	2.28771	-1.894	-3.6968	0.0	False	False	effect_ge_tau	2	2.62301	2.36239	3.144091	1.77316	0.676	80	-1.2539	-1.8186
cluster3	chr5	2	74	154	80	8.4	16.4	2.28771	2.62301	2.36239	3.144091	1.77316	0.676	80	0.61553	1.894	3.6968	0.0	False	False	effect_ge_tau	1	1.09987	0.66971	1.737627	1.31819	1.19849	24	1.2539	1.8186	3.1205	-0.4479	-2.4194	0.0	False	False	effect_ge_tau	3	3.33492	3.17736	2.408059	1.55179	0.46532	191	-0.3464	-0.4276
cluster3	chr5	4	345	404	59	36.1	42.0	3.94292	4.7013	4.36383	7.612152	2.75901	0.58686	59	3.1205	0.3375	3.6646	0.0	False	False	effect_ge_tau	3	3.33492	3.17736	2.408059	1.55179	0.46532	191	0.4954	0.4578	2.37438	0.7317	4.2826	0.0	False	False	effect_ge_tau	5	2.66141	2.43804	3.069319	1.75195	0.65828	47	0.8209	0.8399
cluster3	chr5	5	404	451	47	42.0	51.3	2.37438	2.66141	2.43804	3.069319	1.75195	0.65828	47	3.94292	-0.7317	-4.2826	0.0	False	False	effect_ge_tau	4	4.7013	4.36383	7.612152	2.75901	0.58686	59	-0.8209	-0.8399	3.5439	-0.5778	-4.3198	0.0	False	False	effect_ge_tau	6	4.2507	3.85464	7.872011	2.80571	0.66006	587	-0.6755	-0.6609
cluster3	chr5	7	1038	1090	52	113.7	119.0	1.94587	2.71523	2.13041	4.564788	2.13654	0.78687	52	3.5439	-0.8649	-4.3616	0.0	False	False	effect_ge_tau	6	4.2507	3.85464	7.872011	2.80571	0.66006	587	-0.6466	-0.8555	5.47707	-1.493	-8.7444	0.0	False	False	effect_ge_tau	8	6.3943	6.12883	12.597238	3.54926	0.55507	292	-1.2357	-1.5245
cluster3	chr5	9	1382	1414	32	148.7	151.9	8.09723	9.06854	8.65933	18.470987	4.29779	0.47392	32	5.47707	0.564	4.173	0.0	False	False	effect_ge_tau	8	6.3943	6.12883	12.597238	3.54926	0.55507	292	0.5041	0.4986	2.90706	1.4779	8.8	0.0	False	False	effect_ge_tau	10	3.37163	3.05626	3.867974	1.96672	0.58331	68	1.4274	1.5025
cluster3	chr5	10	1414	1482	68	151.9	158.9	2.90706	3.37163	3.05626	3.867974	1.96672	0.58331	68	8.09723	-1.4779	-8.8	0.0	False	False	effect_ge_tau	9	9.06854	8.65933	18.470987	4.29779	0.47392	32	-1.4274	-1.5025	5.25097	-0.853	-5.1868	0.0	False	False	effect_ge_tau	11	6.95268	5.8151	23.784301	4.87692	0.70144	21	-1.0441	-0.928
cluster3	chr5	11	1482	1503	21	158.9	161.0	5.25097	6.95268	5.8151	23.784301	4.87692	0.70144	21	2.90706	0.853	5.1868	0.0	False	False	effect_ge_tau	10	3.37163	3.05626	3.867974	1.96672	0.58331	68	1.0441	0.928	1.20347	2.1254	7.5078	0.0	False	False	effect_ge_tau	12	1.31551	1.2132	0.16225	0.4028	0.3062	22	2.402	2.261
cluster3	chr5	12	1503	1525	22	161.0	163.3	1.20347	1.31551	1.2132	0.16225	0.4028	0.3062	22	5.25097	-2.1254	-7.5078	0.0	False	False	effect_ge_tau	11	6.95268	5.8151	23.784301	4.87692	0.70144	21	-2.402	-2.261	3.84077	-1.6742	-5.8897	0.0	False	False	effect_ge_tau	13	4.42012	4.07834	4.902929	2.21426	0.50095	85	-1.7485	-1.7492
cluster3	chr5	13	1525	1610	85	163.3	171.9	3.84077	4.42012	4.07834	4.902929	2.21426	0.50095	85	1.20347	1.6742	5.8897	0.0	False	False	effect_ge_tau	12	1.31551	1.2132	0.16225	0.4028	0.3062	22	1.7485	1.7492	6.70717	-0.8043	-3.8605	0.0	False	False	effect_ge_tau	14	7.16403	6.61298	14.244214	3.77415	0.52682	22	-0.6967	-0.6973
cluster3	chr5	14	1610	1632	22	171.9	174.1	6.70717	7.16403	6.61298	14.244214	3.77415	0.52682	22	3.84077	0.8043	3.8605	0.0	False	False	effect_ge_tau	13	4.42012	4.07834	4.902929	2.21426	0.50095	85	0.6967	0.6973	3.13985	1.095	4.3107	0.0	False	False	terminal_unchanged	15	4.0465	3.78549	9.116217	3.01931	0.74615	63	0.8241	0.8048
cluster4	chr5	2	1037	1090	53	113.6	119.0	1.98976	2.6959	2.31026	3.229235	1.79701	0.66657	53	3.29192	-0.7263	-3.6888	0.0	False	False	effect_ge_tau	1	3.86689	3.57291	5.445782	2.33362	0.60349	883	-0.5204	-0.629	5.67258	-1.5114	-9.2714	0.0	False	False	effect_ge_tau	3	6.34578	6.21473	10.867151	3.29654	0.51949	324	-1.235	-1.4276
cluster4	chr5	4	1414	1503	89	151.9	161.0	3.97624	4.44767	4.03201	7.977462	2.82444	0.63504	89	5.67258	-0.5126	-5.559	0.0	False	False	effect_ge_tau	3	6.34578	6.21473	10.867151	3.29654	0.51949	324	-0.5127	-0.6242	1.19639	1.7327	5.7106	0.0	False	False	effect_ge_tau	5	1.52852	1.52852	0.518304	0.71993	0.471	22	1.5409	1.3994
cluster4	chr5	5	1503	1525	22	161.0	163.3	1.19639	1.52852	1.52852	0.518304	0.71993	0.471	22	3.97624	-1.7327	-5.7106	0.0	False	False	effect_ge_tau	4	4.44767	4.03201	7.977462	2.82444	0.63504	89	-1.5409	-1.3994	4.51308	-1.9154	-6.8143	0.0	False	False	terminal_unchanged	6	5.04822	4.78356	7.895977	2.80998	0.55663	170	-1.7236	-1.646
cluster0	chr7	1	79	104	25	8.3	10.8	1.21341	1.46696	1.4028	0.435371	0.65983	0.44979	25	2.93565	-1.2746	-4.4914	0.0	False	False	terminal_unchanged	0	3.27872	3.20254	4.274984	2.0676	0.63061	79	-1.1603	-1.1909	4.22914	-1.8013	-7.4035	0.0	False	False	effect_ge_tau	2	4.66469	4.32657	6.225031	2.495	0.53487	198	-1.669	-1.6249
cluster0	chr7	4	509	529	20	51.4	53.6	0.70429	0.85152	0.6671	0.280921	0.53002	0.62244	20	3.01605	-2.0984	-6.3596	0.0	False	False	effect_ge_tau	3	3.37785	3.09841	4.259587	2.06388	0.611	207	-1.988	-2.2156	2.91604	-2.0498	-4.9379	0.0	False	False	effect_ge_tau	5	2.7837	2.6048	4.259614	2.06388	0.74142	69	-1.7089	-1.9652
cluster0	chr7	5	529	598	69	53.6	67.4	2.91604	2.7837	2.6048	4.259614	2.06388	0.74142	69	0.70429	2.0498	4.9379	0.0	False	False	effect_ge_tau	4	0.85152	0.6671	0.280921	0.53002	0.62244	20	1.7089	1.9652	0.38113	2.9357	7.5497	0.0	False	False	effect_ge_tau	6	0.38268	0.38717	0.001944	0.04409	0.11522	27	2.8628	2.7501
cluster0	chr7	6	598	625	27	67.4	70.1	0.38113	0.38268	0.38717	0.001944	0.04409	0.11522	27	2.91604	-2.9357	-7.5497	0.0	False	False	effect_ge_tau	5	2.7837	2.6048	4.259614	2.06388	0.74142	69	-2.8628	-2.7501	0.63496	-0.7364	-3.1953	0.0	False	False	effect_ge_tau	7	1.19459	1.04754	1.099185	1.04842	0.87764	33	-1.6423	-1.436
cluster0	chr7	7	625	658	33	70.1	73.4	0.63496	1.19459	1.04754	1.099185	1.04842	0.87764	33	0.38113	0.7364	3.1953	0.0	False	False	effect_ge_tau	6	0.38268	0.38717	0.001944	0.04409	0.11522	27	1.6423	1.436	2.86155	-2.172	-5.9059	0.0	False	False	effect_ge_tau	8	3.39189	3.39189	4.489662	2.11888	0.62469	56	-1.5056	-1.6951
cluster0	chr7	8	658	714	56	73.4	79.2	2.86155	3.39189	3.39189	4.489662	2.11888	0.62469	56	0.63496	2.172	5.9059	0.0	False	False	effect_ge_tau	7	1.19459	1.04754	1.099185	1.04842	0.87764	33	1.5056	1.6951	4.73378	-0.7262	-5.0849	0.0	False	False	effect_ge_tau	9	5.63046	5.49878	10.026427	3.16645	0.56238	60	-0.7312	-0.697
cluster0	chr7	9	714	774	60	79.2	85.2	4.73378	5.63046	5.49878	10.026427	3.16645	0.56238	60	2.86155	0.7262	5.0849	0.0	False	False	effect_ge_tau	8	3.39189	3.39189	4.489662	2.11888	0.62469	56	0.7312	0.697	2.02374	1.226	6.4097	0.0	False	False	effect_ge_tau	10	2.80389	2.30241	4.137887	2.03418	0.72549	49	1.0058	1.256
cluster0	chr7	10	774	823	49	85.2	90.1	2.02374	2.80389	2.30241	4.137887	2.03418	0.72549	49	4.73378	-1.226	-6.4097	0.0	False	False	effect_ge_tau	9	5.63046	5.49878	10.026427	3.16645	0.56238	60	-1.0058	-1.256	3.42782	-0.7603	-3.6724	0.0	False	False	effect_ge_tau	11	3.95434	3.61108	5.018732	2.24025	0.56653	546	-0.496	-0.6493
cluster0	chr7	12	1369	1392	23	145.7	148.2	1.04685	1.19612	1.19612	0.212435	0.46091	0.38533	23	3.42782	-1.7112	-6.8759	0.0	False	False	effect_ge_tau	11	3.95434	3.61108	5.018732	2.24025	0.56653	546	-1.7251	-1.5941	2.28454	-1.1259	-3.9037	0.0	False	False	terminal_unchanged	13	2.62527	2.55731	3.637244	1.90716	0.72646	103	-1.1341	-1.0963
cluster1	chr7	1	79	104	25	8.3	10.8	1.06534	1.39357	1.39357	0.437094	0.66113	0.47442	25	3.03618	-1.5109	-4.586	0.0	False	False	terminal_unchanged	0	3.28623	3.2052	4.471122	2.1145	0.64344	79	-1.2377	-1.2016	4.19244	-1.9765	-7.3983	0.0	False	False	effect_ge_tau	2	4.6663	4.41307	6.706324	2.58966	0.55497	198	-1.7435	-1.663
cluster1	chr7	4	509	529	20	51.4	53.6	0.73587	0.82185	0.67554	0.288209	0.53685	0.65322	20	2.96527	-2.0106	-6.2896	0.0	False	False	effect_ge_tau	3	3.3899	3.05146	4.534908	2.12953	0.6282	207	-2.0443	-2.1754	2.83327	-1.945	-4.8173	0.0	False	False	effect_ge_tau	5	2.7448	2.48039	4.420004	2.10238	0.76595	69	-1.7398	-1.8765
cluster1	chr7	5	529	598	69	53.6	67.4	2.83327	2.7448	2.48039	4.420004	2.10238	0.76595	69	0.73587	1.945	4.8173	0.0	False	False	effect_ge_tau	4	0.82185	0.67554	0.288209	0.53685	0.65322	20	1.7398	1.8765	0.31661	3.1617	7.4486	0.0	False	False	effect_ge_tau	6	0.31862	0.31862	0.001456	0.03816	0.11977	26	3.1068	2.9606
cluster1	chr7	6	598	624	26	67.4	70.0	0.31661	0.31862	0.31862	0.001456	0.03816	0.11977	26	2.83327	-3.1617	-7.4486	0.0	False	False	effect_ge_tau	5	2.7448	2.48039	4.420004	2.10238	0.76595	69	-3.1068	-2.9606	0.53189	-0.7484	-3.172	0.0	False	False	effect_ge_tau	7	1.112	0.87517	1.183293	1.08779	0.97824	34	-1.8032	-1.4577
cluster1	chr7	7	624	658	34	70.0	73.4	0.53189	1.112	0.87517	1.183293	1.08779	0.97824	34	0.31661	0.7484	3.172	0.0	False	False	effect_ge_tau	6	0.31862	0.31862	0.001456	0.03816	0.11977	26	1.8032	1.4577	2.8138	-2.4033	-6.1685	0.0	False	False	effect_ge_tau	8	3.43805	3.32005	4.824507	2.19648	0.63887	56	-1.6284	-1.9236
cluster1	chr7	8	658	714	56	73.4	79.2	2.8138	3.43805	3.32005	4.824507	2.19648	0.63887	56	0.53189	2.4033	6.1685	0.0	False	False	effect_ge_tau	7	1.112	0.87517	1.183293	1.08779	0.97824	34	1.6284	1.9236	4.59741	-0.7083	-4.7013	0.0	False	False	effect_ge_tau	9	5.56906	5.42255	10.575018	3.25193	0.58393	60	-0.6958	-0.7078
cluster1	chr7	9	714	774	60	79.2	85.2	4.59741	5.56906	5.42255	10.575018	3.25193	0.58393	60	2.8138	0.7083	4.7013	0.0	False	False	effect_ge_tau	8	3.43805	3.32005	4.824507	2.19648	0.63887	56	0.6958	0.7078	2.53669	0.8579	3.8731	0.0	False	False	effect_ge_tau	10	3.38513	2.76986	4.350111	2.08569	0.61613	28	0.7182	0.9692
cluster1	chr7	10	774	802	28	85.2	88.0	2.53669	3.38513	2.76986	4.350111	2.08569	0.61613	28	4.59741	-0.8579	-3.8731	0.0	False	False	effect_ge_tau	9	5.56906	5.42255	10.575018	3.25193	0.58393	60	-0.7182	-0.9692	1.50195	0.7561	2.3337	0.0	False	False	effect_ge_tau	11	2.09741	1.45933	4.16439	2.04068	0.97295	21	0.6906	0.9245
cluster1	chr7	11	802	823	21	88.0	90.1	1.50195	2.09741	1.45933	4.16439	2.04068	0.97295	21	2.53669	-0.7561	-2.3337	0.0	False	False	effect_ge_tau	10	3.38513	2.76986	4.350111	2.08569	0.61613	28	-0.6906	-0.9245	3.5738	-1.2506	-4.3592	0.0	False	False	effect_ge_tau	12	4.16184	3.74481	5.921525	2.43342	0.5847	409	-0.9886	-1.3596
cluster2	chr7	1	79	103	24	8.3	10.7	1.35569	1.588	1.588	0.396664	0.62981	0.39661	24	3.03737	-1.1638	-4.9605	0.0	False	False	terminal_unchanged	0	3.26941	3.20592	2.796823	1.67237	0.51152	79	-1.0418	-1.0135	4.06086	-1.5828	-7.9855	0.0	False	False	effect_ge_tau	2	4.43173	4.3531	3.624322	1.90377	0.42958	199	-1.4807	-1.4548
cluster2	chr7	4	509	529	20	51.4	53.6	0.88982	1.08716	0.90143	0.43402	0.6588	0.60599	20	3.2244	-1.8574	-7.1205	0.0	False	False	effect_ge_tau	3	3.4929	3.29174	2.848788	1.68784	0.48322	207	-1.6839	-1.8686	2.84622	-1.6775	-5.0582	0.0	False	False	effect_ge_tau	5	2.75122	2.75122	3.373498	1.83671	0.6676	69	-1.3395	-1.6098
cluster2	chr7	5	529	598	69	53.6	67.4	2.84622	2.75122	2.75122	3.373498	1.83671	0.6676	69	0.88982	1.6775	5.0582	0.0	False	False	effect_ge_tau	4	1.08716	0.90143	0.43402	0.6588	0.60599	20	1.3395	1.6098	0.54017	2.3976	8.2819	0.0	False	False	effect_ge_tau	6	0.53725	0.53725	0.002652	0.0515	0.09586	27	2.3564	2.3564
cluster2	chr7	6	598	625	27	67.4	70.1	0.54017	0.53725	0.53725	0.002652	0.0515	0.09586	27	2.84622	-2.3976	-8.2819	0.0	False	False	effect_ge_tau	5	2.75122	2.75122	3.373498	1.83671	0.6676	69	-2.3564	-2.3564	0.66181	-0.293	-3.5086	0.01	False	False	effect_ge_tau	7	1.34286	1.34286	1.201925	1.09632	0.81641	32	-1.3216	-1.3216
cluster2	chr7	7	625	657	32	70.1	73.3	0.66181	1.34286	1.34286	1.201925	1.09632	0.81641	32	0.54017	0.293	3.5086	0.01	False	False	effect_ge_tau	6	0.53725	0.53725	0.002652	0.0515	0.09586	27	1.3216	1.3216	2.84362	-2.1032	-6.3566	0.0	False	False	effect_ge_tau	8	3.32436	3.32436	3.416086	1.84827	0.55598	55	-1.3078	-1.3078
cluster2	chr7	8	657	712	55	73.3	79.0	2.84362	3.32436	3.32436	3.416086	1.84827	0.55598	55	0.66181	2.1032	6.3566	0.0	False	False	effect_ge_tau	7	1.34286	1.34286	1.201925	1.09632	0.81641	32	1.3078	1.3078	4.64558	-0.7081	-5.1168	0.0	False	False	effect_ge_tau	9	5.10246	4.83782	4.992716	2.23444	0.43791	62	-0.6181	-0.5413
cluster2	chr7	9	712	774	62	79.0	85.2	4.64558	5.10246	4.83782	4.992716	2.23444	0.43791	62	2.84362	0.7081	5.1168	0.0	False	False	effect_ge_tau	8	3.32436	3.32436	3.416086	1.84827	0.55598	55	0.6181	0.5413	2.44749	0.9246	6.0376	0.0	False	False	effect_ge_tau	10	2.98015	2.55952	3.220334	1.79453	0.60216	49	0.7758	0.9185
cluster2	chr7	10	774	823	49	85.2	90.1	2.44749	2.98015	2.55952	3.220334	1.79453	0.60216	49	4.64558	-0.9246	-6.0376	0.0	False	False	effect_ge_tau	9	5.10246	4.83782	4.992716	2.23444	0.43791	62	-0.7758	-0.9185	3.58404	-0.5503	-3.7914	0.0	False	False	effect_ge_tau	11	3.96155	3.75265	3.121547	1.76679	0.44598	543	-0.4107	-0.552
cluster3	chr7	1	79	104	25	8.3	10.8	1.28082	1.43815	1.43815	0.242076	0.49201	0.34212	25	2.80535	-1.1311	-4.3235	0.0	False	False	terminal_unchanged	0	3.22505	3.14551	4.175112	2.04331	0.63358	79	-1.1651	-1.1291	4.18443	-1.708	-7.3152	0.0	False	False	effect_ge_tau	2	4.70807	4.33188	6.874926	2.62201	0.55692	198	-1.7109	-1.5908
cluster3	chr7	3	302	391	89	30.6	39.5	2.28418	2.75545	2.33623	3.642088	1.90843	0.6926	89	4.18443	-0.8734	-6.7729	0.0	False	False	effect_ge_tau	2	4.70807	4.33188	6.874926	2.62201	0.55692	198	-0.7728	-0.8908	3.25581	-0.5113	-3.2688	0.0	False	False	effect_ge_tau	4	3.71213	3.32963	4.962487	2.22766	0.6001	118	-0.43	-0.5112
cluster3	chr7	5	509	529	20	51.4	53.6	0.68872	0.89193	0.7361	0.301396	0.549	0.61551	20	3.25581	-2.241	-6.4357	0.0	False	False	effect_ge_tau	4	3.71213	3.32963	4.962487	2.22766	0.6001	118	-2.0572	-2.1774	2.56817	-1.8988	-4.479	0.0	False	False	effect_ge_tau	6	2.69129	2.40971	4.401009	2.09786	0.7795	69	-1.5933	-1.7109
cluster3	chr7	6	529	598	69	53.6	67.4	2.56817	2.69129	2.40971	4.401009	2.09786	0.7795	69	0.68872	1.8988	4.479	0.0	False	False	effect_ge_tau	5	0.89193	0.7361	0.301396	0.549	0.61551	20	1.5933	1.7109	0.36902	2.799	7.0221	0.0	False	False	effect_ge_tau	7	0.38079	0.37353	0.00312	0.05585	0.14668	26	2.8212	2.6896
cluster3	chr7	7	598	624	26	67.4	70.0	0.36902	0.38079	0.37353	0.00312	0.05585	0.14668	26	2.56817	-2.799	-7.0221	0.0	False	False	effect_ge_tau	6	2.69129	2.40971	4.401009	2.09786	0.7795	69	-2.8212	-2.6896	0.56805	-0.6223	-2.6834	0.0	False	False	effect_ge_tau	8	1.06144	0.98995	0.812087	0.90116	0.849	34	-1.4789	-1.4061
cluster3	chr7	8	624	658	34	70.0	73.4	0.56805	1.06144	0.98995	0.812087	0.90116	0.849	34	0.36902	0.6223	2.6834	0.0	False	False	effect_ge_tau	7	0.38079	0.37353	0.00312	0.05585	0.14668	26	1.4789	1.4061	3.06252	-2.4306	-6.4993	0.0	False	False	effect_ge_tau	9	3.54482	3.54482	5.105507	2.25954	0.63742	54	-1.7397	-1.8403
cluster3	chr7	9	658	712	54	73.4	79.0	3.06252	3.54482	3.54482	5.105507	2.25954	0.63742	54	0.56805	2.4306	6.4993	0.0	False	False	effect_ge_tau	8	1.06144	0.98995	0.812087	0.90116	0.849	34	1.7397	1.8403	4.94678	-0.6918	-5.1121	0.0	False	False	effect_ge_tau	10	5.93676	5.46638	12.565525	3.54479	0.59709	62	-0.744	-0.6249
cluster3	chr7	10	712	774	62	79.0	85.2	4.94678	5.93676	5.46638	12.565525	3.54479	0.59709	62	3.06252	0.6918	5.1121	0.0	False	False	effect_ge_tau	9	3.54482	3.54482	5.105507	2.25954	0.63742	54	0.744	0.6249	2.88044	0.7802	4.511	0.0	False	False	effect_ge_tau	11	3.34832	2.96998	3.351209	1.83063	0.54673	28	0.8262	0.8801
cluster3	chr7	11	774	802	28	85.2	88.0	2.88044	3.34832	2.96998	3.351209	1.83063	0.54673	28	4.94678	-0.7802	-4.511	0.0	False	False	effect_ge_tau	10	5.93676	5.46638	12.565525	3.54479	0.59709	62	-0.8262	-0.8801	1.71208	0.7505	2.1569	0.0	False	False	effect_ge_tau	12	2.15186	1.54371	3.481011	1.86575	0.86704	21	0.6379	0.9441
cluster3	chr7	12	802	823	21	88.0	90.1	1.71208	2.15186	1.54371	3.481011	1.86575	0.86704	21	2.88044	-0.7505	-2.1569	0.0	False	False	effect_ge_tau	11	3.34832	2.96998	3.351209	1.83063	0.54673	28	-0.6379	-0.9441	3.50044	-1.0318	-4.1341	0.0	False	False	effect_ge_tau	13	4.118	3.62483	6.174559	2.48487	0.60342	386	-0.9364	-1.2315
cluster3	chr7	14	1209	1232	23	129.2	131.5	4.93233	5.83749	5.49394	7.329728	2.70735	0.46379	23	3.50044	0.4947	3.1956	0.0	False	False	effect_ge_tau	13	4.118	3.62483	6.174559	2.48487	0.60342	386	0.5034	0.5999	2.84983	0.7914	5.1519	0.0	False	False	effect_ge_tau	15	3.12023	3.02735	2.563905	1.60122	0.51317	134	0.9037	0.8598
cluster4	chr7	1	79	104	25	8.3	10.8	0.91911	1.01883	1.01883	0.129741	0.3602	0.35354	25	2.85024	-1.6328	-6.057	0.0	False	False	terminal_unchanged	0	3.22094	3.07675	3.829728	1.95697	0.60758	79	-1.6606	-1.5945	3.97563	-2.1129	-8.9017	0.0	False	False	effect_ge_tau	2	4.49572	4.23383	5.861103	2.42097	0.53851	198	-2.1416	-2.055
cluster4	chr7	4	509	529	20	51.4	53.6	0.66282	0.87233	0.76747	0.33922	0.58243	0.66767	20	2.83752	-2.0979	-6.5657	0.0	False	False	effect_ge_tau	3	3.36282	3.12781	3.738036	1.9334	0.57493	207	-1.9467	-2.027	2.61197	-1.9785	-4.8042	0.0	False	False	effect_ge_tau	5	2.63507	2.46783	3.81284	1.95265	0.74102	69	-1.5949	-1.6851
cluster4	chr7	5	529	598	69	53.6	67.4	2.61197	2.63507	2.46783	3.81284	1.95265	0.74102	69	0.66282	1.9785	4.8042	0.0	False	False	effect_ge_tau	4	0.87233	0.76747	0.33922	0.58243	0.66767	20	1.5949	1.6851	0.31354	3.0584	7.7496	0.0	False	False	effect_ge_tau	6	0.32998	0.32998	0.003996	0.06321	0.19157	26	2.9974	2.9028
cluster4	chr7	6	598	624	26	67.4	70.0	0.31354	0.32998	0.32998	0.003996	0.06321	0.19157	26	2.61197	-3.0584	-7.7496	0.0	False	False	effect_ge_tau	5	2.63507	2.46783	3.81284	1.95265	0.74102	69	-2.9974	-2.9028	0.97613	-1.6384	-3.7802	0.0	False	False	effect_ge_tau	7	1.2472	1.2472	0.952113	0.97576	0.78237	34	-1.9182	-1.9182
cluster4	chr7	7	624	658	34	70.0	73.4	0.97613	1.2472	1.2472	0.952113	0.97576	0.78237	34	0.31354	1.6384	3.7802	0.0	False	False	effect_ge_tau	6	0.32998	0.32998	0.003996	0.06321	0.19157	26	1.9182	1.9182	2.66361	-1.4482	-5.9076	0.0	False	False	effect_ge_tau	8	3.33626	3.33626	4.239175	2.05893	0.61714	54	-1.4195	-1.4195
cluster4	chr7	8	658	712	54	73.4	79.0	2.66361	3.33626	3.33626	4.239175	2.05893	0.61714	54	0.97613	1.4482	5.9076	0.0	False	False	effect_ge_tau	7	1.2472	1.2472	0.952113	0.97576	0.78237	34	1.4195	1.4195	4.51077	-0.76	-4.7156	0.0	False	False	effect_ge_tau	9	5.27946	5.27946	8.618886	2.93579	0.55608	62	-0.6622	-0.6622
cluster4	chr7	9	712	774	62	79.0	85.2	4.51077	5.27946	5.27946	8.618886	2.93579	0.55608	62	2.66361	0.76	4.7156	0.0	False	False	effect_ge_tau	8	3.33626	3.33626	4.239175	2.05893	0.61714	54	0.6622	0.6622	1.96662	1.1977	6.1321	0.0	False	False	effect_ge_tau	10	2.77228	2.19915	4.138061	2.03422	0.73377	49	0.9293	1.2634
cluster4	chr7	10	774	823	49	85.2	90.1	1.96662	2.77228	2.19915	4.138061	2.03422	0.73377	49	4.51077	-1.1977	-6.1321	0.0	False	False	effect_ge_tau	9	5.27946	5.27946	8.618886	2.93579	0.55608	62	-0.9293	-1.2634	3.44294	-0.8079	-4.0923	0.0	False	False	effect_ge_tau	11	4.01461	3.65723	5.034872	2.24385	0.55892	410	-0.5342	-0.7338
cluster4	chr7	13	1366	1392	26	145.4	148.2	0.90412	1.07258	1.07258	0.254081	0.50406	0.46996	26	3.04745	-1.753	-6.119	0.0	False	False	effect_ge_tau	12	3.178	3.09864	2.350747	1.53321	0.48245	133	-1.567	-1.5306	2.37252	-1.3918	-4.9211	0.0	False	False	terminal_unchanged	14	2.69523	2.6283	3.212787	1.79242	0.66504	103	-1.3293	-1.2931
cluster0	chr8	2	875	934	59	97.5	103.5	4.11951	4.86263	4.73618	4.987149	2.23319	0.45926	59	3.06772	0.4253	4.0302	0.0	False	False	effect_ge_tau	1	3.53941	3.34429	5.101971	2.25875	0.63817	825	0.4582	0.502	3.06041	0.4287	3.0079	0.0	False	False	effect_ge_tau	3	3.65905	3.29425	3.283189	1.81196	0.4952	114	0.4103	0.5238
cluster0	chr8	5	1239	1285	46	134.1	138.7	0.88875	1.68329	1.13512	3.52889	1.87853	1.11599	46	5.50277	-2.6303	-10.9609	0.0	False	False	effect_ge_tau	4	6.13206	5.99345	10.545292	3.24735	0.52957	191	-1.8651	-2.4005	4.34847	-2.2907	-7.1812	0.0	False	False	terminal_unchanged	6	4.72738	4.48526	13.589962	3.68646	0.77981	60	-1.4898	-1.9823
cluster1	chr8	2	875	934	59	97.5	103.5	4.05227	4.77145	4.6338	5.543092	2.35438	0.49343	59	2.99358	0.4369	3.7776	0.0	False	False	effect_ge_tau	1	3.4984	3.32028	5.305837	2.30344	0.65843	825	0.4477	0.4809	2.8429	0.5114	2.9913	0.0	False	False	effect_ge_tau	3	3.54915	3.1069	3.394807	1.8425	0.51914	114	0.427	0.5767
cluster1	chr8	5	1239	1285	46	134.1	138.7	0.75661	1.55185	0.9974	3.530604	1.87899	1.21081	46	5.29764	-2.8077	-10.9086	0.0	False	False	effect_ge_tau	4	6.06947	5.91477	12.019562	3.46692	0.57121	191	-1.9676	-2.5681	4.27297	-2.4976	-7.1625	0.0	False	False	terminal_unchanged	6	4.62909	4.41785	13.252874	3.64045	0.78643	60	-1.5767	-2.1471
cluster2	chr8	3	995	1048	53	109.7	115.0	3.08827	3.24953	3.11675	0.986903	0.99343	0.30571	53	3.81568	-0.3051	-3.1986	0.0	False	False	effect_ge_tau	2	4.26823	4.2216	2.8402	1.68529	0.39485	120	-0.3934	-0.4377	5.50551	-0.8341	-8.4178	0.0	False	False	effect_ge_tau	4	6.09909	5.99297	6.731895	2.59459	0.42541	191	-0.9084	-0.9432
cluster2	chr8	5	1239	1259	20	134.1	136.1	2.83112	3.32583	3.00791	5.392151	2.3221	0.6982	20	5.50551	-0.9595	-5.3344	0.0	False	False	effect_ge_tau	4	6.09909	5.99297	6.731895	2.59459	0.42541	191	-0.8749	-0.9945	0.95704	1.5647	5.7719	0.0	False	False	effect_ge_tau	6	0.94629	0.94629	0.043128	0.20767	0.21946	26	1.8134	1.6684
cluster2	chr8	6	1259	1285	26	136.1	138.7	0.95704	0.94629	0.94629	0.043128	0.20767	0.21946	26	2.83112	-1.5647	-5.7719	0.0	False	False	effect_ge_tau	5	3.32583	3.00791	5.392151	2.3221	0.6982	20	-1.8134	-1.6684	5.13506	-2.4237	-9.8083	0.0	False	False	terminal_unchanged	7	4.80509	4.60428	10.079999	3.1749	0.66074	60	-2.3442	-2.2826
cluster3	chr8	2	876	916	40	97.6	101.7	5.19465	5.39193	5.1306	4.12065	2.02994	0.37648	40	3.06734	0.76	4.233	0.0	False	False	effect_ge_tau	1	3.5866	3.28086	5.748447	2.39759	0.66849	826	0.5882	0.6451	3.41271	0.6061	2.5432	0.0	False	False	effect_ge_tau	3	4.12362	3.73239	4.805896	2.19224	0.53163	136	0.3869	0.459
cluster3	chr8	5	1239	1285	46	134.1	138.7	0.89098	1.5146	1.10899	2.571858	1.6037	1.05883	46	5.38726	-2.5961	-11.2791	0.0	False	False	effect_ge_tau	4	6.37439	6.21015	13.268931	3.64265	0.57145	187	-2.0734	-2.4854	4.32771	-2.2801	-7.7454	0.0	False	False	terminal_unchanged	6	4.99377	4.6712	17.693355	4.20635	0.84232	60	-1.7212	-2.0745
cluster4	chr8	2	396	416	20	42.9	47.2	1.27612	1.59356	1.21334	1.78595	1.33639	0.83862	20	3.21294	-1.3321	-3.8927	0.0	False	False	effect_ge_tau	1	3.67678	3.56882	4.625025	2.15059	0.58491	346	-1.2062	-1.5565	6.11067	-2.2596	-7.7165	0.0	False	False	effect_ge_tau	3	7.04128	6.30673	17.327327	4.16261	0.59117	149	-2.1436	-2.3779
cluster4	chr8	4	565	589	24	62.3	65.5	1.88599	2.71001	2.17097	5.706761	2.38888	0.8815	24	6.11067	-1.696	-6.2708	0.0	False	False	effect_ge_tau	3	7.04128	6.30673	17.327327	4.16261	0.59117	149	-1.3775	-1.5386	5.53494	-1.5532	-5.7212	0.0	False	False	effect_ge_tau	5	6.75442	6.61446	14.297138	3.78116	0.5598	86	-1.3175	-1.6073
cluster4	chr8	5	589	675	86	65.5	74.4	5.53494	6.75442	6.61446	14.297138	3.78116	0.5598	86	1.88599	1.5532	5.7212	0.0	False	False	effect_ge_tau	4	2.71001	2.17097	5.706761	2.38888	0.8815	24	1.3175	1.6073	3.2156	0.7835	4.5579	0.0	False	False	effect_ge_tau	6	3.46748	3.46748	1.195534	1.0934	0.31533	25	0.9619	0.9317
cluster4	chr8	6	675	700	25	74.4	77.0	3.2156	3.46748	3.46748	1.195534	1.0934	0.31533	25	5.53494	-0.7835	-4.5579	0.0	False	False	effect_ge_tau	5	6.75442	6.61446	14.297138	3.78116	0.5598	86	-0.9619	-0.9317	6.7184	-1.063	-6.2068	0.0	False	False	effect_ge_tau	7	7.78746	7.50108	16.974013	4.11995	0.52905	539	-1.1673	-1.1132
cluster4	chr8	8	1239	1259	20	134.1	136.1	2.59293	3.80734	3.36931	9.000544	3.00009	0.78798	20	6.7184	-1.3735	-5.0711	0.0	False	False	effect_ge_tau	7	7.78746	7.50108	16.974013	4.11995	0.52905	539	-1.0324	-1.1546	0.86267	1.5877	4.9656	0.0	False	False	effect_ge_tau	9	0.86181	0.83381	0.058304	0.24146	0.28018	26	2.1433	2.0147
cluster4	chr8	9	1259	1285	26	136.1	138.7	0.86267	0.86181	0.83381	0.058304	0.24146	0.28018	26	2.59293	-1.5877	-4.9656	0.0	False	False	effect_ge_tau	8	3.80734	3.36931	9.000544	3.00009	0.78798	20	-2.1433	-2.0147	5.89409	-2.7724	-9.0781	0.0	False	False	terminal_unchanged	10	6.38901	6.09151	21.703035	4.65865	0.72917	60	-2.8901	-2.869
cluster0	chr9	1	192	218	26	22.5	26.7	1.16935	1.76366	1.50171	1.637029	1.27946	0.72546	26	2.74006	-1.2285	-3.8397	0.0	False	False	terminal_unchanged	0	3.28067	2.94783	5.681246	2.38354	0.72654	192	-0.8954	-0.9731	3.17792	-1.4424	-4.8575	0.0	False	False	effect_ge_tau	2	3.71316	3.53656	5.120609	2.26288	0.60942	442	-1.0741	-1.2357
cluster0	chr9	3	660	689	29	100.6	103.5	1.29007	1.61838	1.2443	1.119321	1.05798	0.65373	29	3.17792	-1.3006	-5.5603	0.0	False	False	effect_ge_tau	2	3.71316	3.53656	5.120609	2.26288	0.60942	442	-1.1981	-1.507	2.21015	-0.7767	-2.5078	0.0	False	False	effect_ge_tau	4	2.70934	2.42719	2.34139	1.53016	0.56477	32	-0.7434	-0.964
cluster0	chr9	4	689	721	32	103.5	106.7	2.21015	2.70934	2.42719	2.34139	1.53016	0.56477	32	1.29007	0.7767	2.5078	0.0	False	False	effect_ge_tau	3	1.61838	1.2443	1.119321	1.05798	0.65373	29	0.7434	0.964	4.42957	-1.003	-4.512	0.0	False	False	effect_ge_tau	5	4.81175	4.81175	5.72537	2.39277	0.49728	95	-0.8286	-0.9873
cluster0	chr9	5	721	816	95	106.7	116.3	4.42957	4.81175	4.81175	5.72537	2.39277	0.49728	95	2.21015	1.003	4.512	0.0	False	False	effect_ge_tau	4	2.70934	2.42719	2.34139	1.53016	0.56477	32	0.8286	0.9873	1.91459	1.2101	6.258	0.0	False	False	effect_ge_tau	6	2.21997	1.99747	2.931528	1.71217	0.77126	40	1.116	1.2684
cluster0	chr9	6	816	856	40	116.3	120.3	1.91459	2.21997	1.99747	2.931528	1.71217	0.77126	40	4.42957	-1.2101	-6.258	0.0	False	False	effect_ge_tau	5	4.81175	4.81175	5.72537	2.39277	0.49728	95	-1.116	-1.2684	3.85461	-1.0095	-4.8822	0.0	False	False	effect_ge_tau	7	4.07718	3.9709	3.989548	1.99739	0.48989	122	-0.877	-0.9913
cluster1	chr9	1	72	94	22	7.3	12.5	0.6766	0.73837	0.73837	0.071891	0.26813	0.36313	22	3.40926	-2.3331	-6.701	0.0	False	False	terminal_unchanged	0	3.78096	3.53229	4.685137	2.16452	0.57248	72	-2.3563	-2.2582	3.03064	-2.1632	-6.6495	0.0	False	False	effect_ge_tau	2	3.64333	3.04489	7.213929	2.68588	0.7372	100	-2.3029	-2.044
cluster1	chr9	2	94	194	100	12.5	22.7	3.03064	3.64333	3.04489	7.213929	2.68588	0.7372	100	0.6766	2.1632	6.6495	0.0	False	False	effect_ge_tau	1	0.73837	0.73837	0.071891	0.26813	0.36313	22	2.3029	2.044	1.2574	1.2692	3.6698	0.0	False	False	effect_ge_tau	3	1.9042	1.76306	1.979051	1.40679	0.73878	24	0.9361	0.7883
cluster1	chr9	3	194	218	24	22.7	26.7	1.2574	1.9042	1.76306	1.979051	1.40679	0.73878	24	3.03064	-1.2692	-3.6698	0.0	False	False	effect_ge_tau	2	3.64333	3.04489	7.213929	2.68588	0.7372	100	-0.9361	-0.7883	3.2369	-1.3642	-4.2382	0.0	False	False	effect_ge_tau	4	3.79075	3.6088	5.690039	2.38538	0.62926	762	-0.9933	-1.0334
cluster2	chr9	1	71	94	23	7.2	12.5	0.88982	0.95838	0.89078	0.232673	0.48236	0.50331	23	3.4342	-1.9484	-7.7487	0.0	False	False	terminal_unchanged	0	3.71279	3.64014	2.809881	1.67627	0.45149	71	-1.9538	-2.0309	3.14793	-1.8228	-7.6837	0.0	False	False	effect_ge_tau	2	3.62695	3.17278	4.147696	2.03659	0.56152	84	-1.9201	-1.8326
cluster2	chr9	2	94	178	84	12.5	20.9	3.14793	3.62695	3.17278	4.147696	2.03659	0.56152	84	0.88982	1.8228	7.6837	0.0	False	False	effect_ge_tau	1	0.95838	0.89078	0.232673	0.48236	0.50331	23	1.9201	1.8326	1.73401	0.8603	4.9294	0.0	False	False	effect_ge_tau	3	2.08462	1.91733	1.514406	1.23061	0.59033	40	0.799	0.7266
cluster2	chr9	3	178	218	40	20.9	26.7	1.73401	2.08462	1.91733	1.514406	1.23061	0.59033	40	3.14793	-0.8603	-4.9294	0.0	False	False	effect_ge_tau	2	3.62695	3.17278	4.147696	2.03659	0.56152	84	-0.799	-0.7266	3.33118	-0.9419	-5.8898	0.0	False	False	effect_ge_tau	4	3.68484	3.57198	3.365368	1.83449	0.49785	762	-0.8218	-0.8976
cluster3	chr9	1	194	218	24	22.7	26.7	1.26517	1.77687	1.51286	1.490254	1.22076	0.68703	24	2.72666	-1.1078	-3.4414	0.0	False	False	terminal_unchanged	0	3.24405	2.94238	5.598883	2.3662	0.72939	194	-0.8685	-0.9597	2.90957	-1.2015	-3.4129	0.0	False	False	effect_ge_tau	2	3.40955	3.08841	3.331212	1.82516	0.53531	58	-0.9402	-1.0296
cluster3	chr9	2	218	276	58	26.7	32.5	2.90957	3.40955	3.08841	3.331212	1.82516	0.53531	58	1.26517	1.2015	3.4129	0.0	False	False	effect_ge_tau	1	1.77687	1.51286	1.490254	1.22076	0.68703	24	0.9402	1.0296	4.67644	-0.6846	-3.4406	0.0	False	False	effect_ge_tau	3	5.00907	4.76074	5.227084	2.28628	0.45643	55	-0.555	-0.6243
cluster3	chr9	3	276	331	55	32.5	38.2	4.67644	5.00907	4.76074	5.227084	2.28628	0.45643	55	2.90957	0.6846	3.4406	0.0	False	False	effect_ge_tau	2	3.40955	3.08841	3.331212	1.82516	0.53531	58	0.555	0.6243	1.87799	1.3162	4.9982	0.0	False	False	effect_ge_tau	4	2.1758	1.75233	2.859341	1.69096	0.77717	24	1.203	1.4419
cluster3	chr9	4	331	355	24	38.2	69.6	1.87799	2.1758	1.75233	2.859341	1.69096	0.77717	24	4.67644	-1.3162	-4.9982	0.0	False	False	effect_ge_tau	3	5.00907	4.76074	5.227084	2.28628	0.45643	55	-1.203	-1.4419	3.10336	-0.7246	-3.2103	0.0	False	False	effect_ge_tau	5	3.61548	3.32951	7.040349	2.65337	0.73389	305	-0.7326	-0.926
cluster3	chr9	6	660	690	30	100.6	103.6	1.3587	1.5907	1.28152	0.796552	0.8925	0.56107	30	3.10336	-1.1916	-5.2345	0.0	False	False	effect_ge_tau	5	3.61548	3.32951	7.040349	2.65337	0.73389	305	-1.1845	-1.3774	1.97801	-0.5418	-2.1502	0.0	False	False	effect_ge_tau	7	2.54395	2.41502	1.795284	1.33988	0.52669	31	-0.6774	-0.9142
cluster3	chr9	7	690	721	31	103.6	106.7	1.97801	2.54395	2.41502	1.795284	1.33988	0.52669	31	1.3587	0.5418	2.1502	0.0	False	False	effect_ge_tau	6	1.5907	1.28152	0.796552	0.8925	0.56107	30	0.6774	0.9142	4.45199	-1.1704	-4.7818	0.0	False	False	effect_ge_tau	8	4.88828	4.88828	6.471874	2.54399	0.52043	95	-0.9423	-1.0173
cluster3	chr9	8	721	816	95	106.7	116.3	4.45199	4.88828	4.88828	6.471874	2.54399	0.52043	95	1.97801	1.1704	4.7818	0.0	False	False	effect_ge_tau	7	2.54395	2.41502	1.795284	1.33988	0.52669	31	0.9423	1.0173	1.83102	1.2818	6.7049	0.0	False	False	effect_ge_tau	9	2.01577	1.67532	2.030638	1.425	0.70693	40	1.278	1.5449
cluster3	chr9	9	816	856	40	116.3	120.3	1.83102	2.01577	1.67532	2.030638	1.425	0.70693	40	4.45199	-1.2818	-6.7049	0.0	False	False	effect_ge_tau	8	4.88828	4.88828	6.471874	2.54399	0.52043	95	-1.278	-1.5449	3.72951	-1.0263	-5.5304	0.0	False	False	effect_ge_tau	10	4.20154	4.0508	4.398693	2.09731	0.49918	122	-1.0596	-1.2738
cluster4	chr9	1	164	219	55	19.5	26.8	1.69829	2.20117	1.95363	2.319912	1.52313	0.69196	55	2.87354	-0.7588	-3.7677	0.0	False	False	terminal_unchanged	0	3.34	2.97017	5.454775	2.33555	0.69927	164	-0.6016	-0.6044	3.16913	-0.9	-5.1082	0.0	False	False	effect_ge_tau	2	3.64479	3.49165	4.677106	2.16266	0.59336	752	-0.7276	-0.8377
cluster2	chr13	1	51	100	49	24.5	29.4	3.12708	3.25229	3.13282	2.221478	1.49046	0.45828	49	3.22626	-0.045	1.596	1.0	False	False	terminal_unchanged	0	2.7561	2.7561	3.388396	1.84076	0.66789	51	0.2388	0.1848	3.90747	-0.3214	-3.6294	0.0	False	False	effect_ge_tau	2	4.25686	4.16639	2.821799	1.67982	0.39461	233	-0.3883	-0.4113
cluster2	chr13	3	333	353	20	52.7	60.0	1.28008	1.67907	1.18301	1.711266	1.30815	0.7791	20	3.90747	-1.61	-6.8798	0.0	False	False	effect_ge_tau	2	4.25686	4.16639	2.821799	1.67982	0.39461	233	-1.3421	-1.8163	2.34881	-0.8757	-2.508	0.0	False	False	effect_ge_tau	4	2.57547	2.32601	1.320147	1.14898	0.44612	43	-0.6172	-0.9754
cluster2	chr13	4	353	396	43	60.0	64.3	2.34881	2.57547	2.32601	1.320147	1.14898	0.44612	43	1.28008	0.8757	2.508	0.0	False	False	effect_ge_tau	3	1.67907	1.18301	1.711266	1.30815	0.7791	20	0.6172	0.9754	3.58274	-0.6091	-5.7213	0.0	False	False	effect_ge_tau	5	4.11733	3.73684	3.246188	1.80172	0.43759	423	-0.6769	-0.684
cluster3	chr13	3	325	350	25	51.9	59.7	1.18341	1.93709	1.08724	4.26116	2.06426	1.06565	25	4.42906	-1.904	-6.6418	0.0	False	False	effect_ge_tau	2	5.06986	4.93342	7.225127	2.68796	0.53018	118	-1.3881	-2.1819	2.43107	-1.0386	-1.495	0.0	False	False	effect_ge_tau	4	2.56287	2.42034	1.57995	1.25696	0.49045	45	-0.4039	-1.1545
cluster3	chr13	4	350	395	45	59.7	64.2	2.43107	2.56287	2.42034	1.57995	1.25696	0.49045	45	1.18341	1.0386	1.495	0.0	False	False	effect_ge_tau	3	1.93709	1.08724	4.26116	2.06426	1.06565	25	0.4039	1.1545	3.62229	-0.5753	-4.7636	0.0	False	False	effect_ge_tau	5	4.1685	3.68751	4.338765	2.08297	0.49969	260	-0.7018	-0.6074
