source	chromosome	seg_id	bin_start	bin_end	seg_length	se_log2fc_left	ci_lo_log2fc_left	ci_hi_log2fc_left	sign_agree_log2fc_left	se_log2fc_right	ci_lo_log2fc_right	ci_hi_log2fc_right	sign_agree_log2fc_right	se_srd_left	ci_lo_srd_left	ci_hi_srd_left	sign_agree_srd_left	se_srd_right	ci_lo_srd_right	ci_hi_srd_right	sign_agree_srd_right
cluster0	chr1	3	674	763	89	0.008566898598530567	-0.40334599053253317	-0.3694755759752181	1.0	0.007928525477685152	-0.5235146057135133	-0.4954408355733738	1.0	0.08029945632654213	-4.005093793912165	-3.684409138658413	1.0	0.0786908409734471	-5.680393183132111	-5.395617560696902	1.0
cluster0	chr1	5	1183	1245	62	0.0060800154205628365	-0.20326384080144366	-0.17829000003814655	1.0	0.005666228166126801	-1.5732536667379946	-1.5514297060080044	1.0	0.05955812467951684	-2.020895043235391	-1.775393708696789	1.0	0.054123552517940425	-15.544818064586828	-15.33102897181961	1.0
cluster0	chr1	6	1245	1315	70	0.005666228166126802	1.5514297060080044	1.5732536667379946	1.0	0.004852140799703499	0.7208496601759535	0.7398873731603132	1.0	0.054123552517940425	15.33102897181961	15.544818064586828	1.0	0.06120683325929794	9.304196977351577	9.53768859194509	1.0
cluster0	chr1	7	1315	1414	99	0.0048521407997034905	-0.7398873731603132	-0.7208496601759535	1.0	0.004342877620514709	-0.4382350672637398	-0.4206881821369236	1.0	0.06120683325929794	-9.53768859194509	-9.304196977351577	1.0	0.07199145639288272	-7.594545079030954	-7.303091123182923	1.0
cluster1	chr1	3	674	763	89	0.007406907027937643	-0.406714266754009	-0.3793261313460425	1.0	0.007338154012302093	-0.5348283034010103	-0.5070166912525874	1.0	0.06900147181226235	-4.048976769661858	-3.7873291418783306	1.0	0.07245554110949384	-5.808105244421168	-5.536194764841099	1.0
cluster1	chr1	5	1183	1245	62	0.005995361816827243	-0.1750899764254921	-0.1496995938223582	1.0	0.005473065794256473	-1.5391819981699988	-1.5193108753362672	1.0	0.059081216151597366	-1.755921883365441	-1.5069639417147096	1.0	0.049466806176713084	-15.330463239751737	-15.14246710322203	1.0
cluster1	chr1	6	1245	1315	70	0.0054730657942564775	1.5193108753362674	1.5391819981699988	1.0	0.004728841585216704	0.7421803629948232	0.7607466847955561	1.0	0.049466806176713084	15.14246710322203	15.330463239751737	1.0	0.05902528963710242	9.561165521521774	9.798457580214478	1.0
cluster1	chr1	7	1315	1414	99	0.00472884158521671	-0.760746684795556	-0.7421803629948234	1.0	0.004421717338169367	-0.4626579781851571	-0.4449381007752308	1.0	0.05902528963710242	-9.798457580214478	-9.561165521521774	1.0	0.07242849879809844	-8.003770956242404	-7.717314140744702	1.0
cluster2	chr1	4	1183	1245	62	0.011103126657198816	-0.23422298177822803	-0.19021469315568412	1.0	0.006568255893609371	-1.5284776982635815	-1.5031301690777994	1.0	0.11003958969669214	-2.319260180026625	-1.8842888428944087	1.0	0.06252800889080538	-14.881367764518886	-14.63797504205485	1.0
cluster2	chr1	5	1245	1315	70	0.006568255893609369	1.5031301690777994	1.5284776982635815	1.0	0.007016450202317764	0.542913090945658	0.5722435067565782	1.0	0.06252800889080538	14.63797504205485	14.881367764518886	1.0	0.0889620898458809	7.03855918666344	7.386087717964432	1.0
cluster2	chr1	6	1315	1414	99	0.007016450202317768	-0.5722435067565781	-0.542913090945658	1.0	0.004779012214942793	-0.31796895383167817	-0.29983739740818144	1.0	0.0889620898458809	-7.386087717964432	-7.03855918666344	1.0	0.08065745862165839	-5.615582124582232	-5.305048827627565	1.0
cluster3	chr1	2	463	493	30	0.016061703653425897	-1.1415297812545258	-1.0794736167738794	1.0	0.01596862362654952	-0.9171200931152753	-0.8571167114020167	1.0	0.07436874877017047	-6.766980359193828	-6.482530293597302	1.0	0.07575857543934936	-5.250316078820042	-4.963514935404359	1.0
cluster3	chr1	5	1183	1245	62	0.007889688345612931	-0.3057480103000548	-0.2763824108514552	1.0	0.007607409010530779	-1.7044200750692313	-1.6743178214492014	1.0	0.07482716239967195	-2.9782929038939803	-2.697904345847038	1.0	0.07307947291637956	-16.821986082674446	-16.553945421590615	1.0
cluster3	chr1	6	1245	1315	70	0.007607409010530776	1.6743178214492014	1.7044200750692315	1.0	0.01189553448185255	1.1615757728604519	1.2063652712660597	1.0	0.07307947291637956	16.553945421590615	16.821986082674446	1.0	0.07459090406764661	8.549595187525982	8.842049767710314	1.0
cluster3	chr1	7	1315	1336	21	0.011895534481852552	-1.20636527126606	-1.161575772860452	1.0	0.011313687359263762	-0.786007797117982	-0.7417079803422421	1.0	0.07459090406764661	-8.842049767710314	-8.549595187525982	1.0	0.06817589136115387	-5.109654908026202	-4.853631213969447	1.0
cluster3	chr1	8	1336	1380	44	0.011313687359263745	0.7417079803422422	0.7860077971179819	1.0	0.014472318737124401	0.9778327895861384	1.0332523901096515	1.0	0.06817589136115387	4.853631213969447	5.109654908026202	1.0	0.09232290502439505	7.187562164371653	7.542421873186684	1.0
cluster3	chr1	9	1380	1414	34	0.014472318737124403	-1.0332523901096515	-0.9778327895861384	1.0	0.014120603129148817	-1.1173028171247865	-1.0609741330017657	1.0	0.09232290502439505	-7.542421873186684	-7.187562164371653	1.0	0.10292746831047438	-10.263729395132113	-9.861333870482339	1.0
cluster4	chr1	2	456	493	37	0.020581955353148804	-0.8158586109158932	-0.7372184063281282	1.0	0.018382494158825154	-0.7192821473308694	-0.6508220025297095	1.0	0.12529554772745938	-5.592449699988741	-5.121772141917941	1.0	0.11128802869880754	-4.95535374771893	-4.545060983641513	1.0
cluster4	chr1	4	1183	1245	62	0.013762392478266517	-0.1360365322953617	-0.08463775999539319	1.0	0.01231712578957756	-1.5453372644944938	-1.4979032096890887	1.0	0.1363507214908821	-1.361346081129281	-0.8515554290946461	1.0	0.11468971197017762	-15.05569720349171	-14.591960226914605	1.0
cluster4	chr1	5	1245	1315	70	0.012317125789577549	1.4979032096890887	1.5453372644944936	1.0	0.011593440456909576	0.5485951075478168	0.590470890112213	1.0	0.11468971197017762	14.591960226914605	15.05569720349171	1.0	0.13145067421266135	6.396439028346538	6.879019104870563	1.0
cluster4	chr1	6	1315	1380	65	0.01159344045690958	-0.5904708901122131	-0.5485951075478167	1.0	0.019155591235546752	0.5721169677568987	0.6508493429710337	1.0	0.13145067421266135	-6.8790191048705625	-6.396439028346538	1.0	0.13678763112176376	4.421011251528789	4.960968987646807	1.0
cluster4	chr1	7	1380	1414	34	0.019155591235546752	-0.6508493429710336	-0.5721169677568987	1.0	0.019660401933590678	-0.944450015173238	-0.8637045341227172	1.0	0.13678763112176376	-4.960968987646807	-4.421011251528789	1.0	0.15676612491581496	-8.824176120177722	-8.183560949400462	1.0
all	chr1	3	674	763	89	0.00447754756077964	-0.3782082066122807	-0.3599355945759754	1.0	0.004622234375750847	-0.5014738273682559	-0.4849874248994029	1.0	0.04206422589759557	-3.7722943036256704	-3.6020728612795203	1.0	0.04696905161915311	-5.46644371521365	-5.2936453277601565	1.0
all	chr1	5	1183	1245	62	0.0037559061661094103	-0.20427520515506617	-0.1909787370231106	1.0	0.0030049454498988675	-1.5708883925160062	-1.55990387225978	1.0	0.03696817811080705	-2.031122022866378	-1.9023237865607443	1.0	0.028468082665915353	-15.496984154299435	-15.391941390480087	1.0
all	chr1	6	1245	1315	70	0.00300494544989886	1.55990387225978	1.5708883925160062	1.0	0.0027542292911146454	0.7204868611395692	0.7308177745722437	1.0	0.028468082665915353	15.391941390480087	15.496984154299437	1.0	0.03533010746653116	9.288914761515725	9.42405327912305	1.0
all	chr1	7	1315	1414	99	0.002754229291114657	-0.7308177745722437	-0.7204868611395693	1.0	0.0024316690789038965	-0.4346941417826095	-0.42578721301249417	1.0	0.03533010746653116	-9.42405327912305	-9.288914761515725	1.0	0.040845274269291146	-7.5413323350564445	-7.388435057511846	1.0
cluster0	chr2	1	81	125	44	0.009931069404928584	1.2210822763609566	1.2578769919496209	1.0	0.005685898125063834	0.37465263853634695	0.3979445694569399	1.0	0.06538688017099055	8.277657269862772	8.526538453578468	1.0	0.0524473306326619	3.2860053290806768	3.4997599427124233	1.0
cluster0	chr2	3	324	349	25	0.02029390494392549	-1.1663417230483284	-1.0862459447489818	1.0	0.021540746340894357	-1.6663481262968338	-1.5835883267236037	1.0	0.0802557351386777	-5.783680007585255	-5.464877231037485	1.0	0.07759745884773289	-7.468529103854871	-7.171503777229662	1.0
cluster0	chr2	4	349	382	33	0.021540746340894357	1.5835883267236037	1.666348126296834	1.0	0.00706032395436676	0.3509246713538756	0.3782117581318878	1.0	0.07759745884773289	7.171503777229662	7.468529103854871	1.0	0.06294913848185399	2.9518335951898216	3.1839919269086123	1.0
cluster0	chr2	6	744	766	22	0.02322434156793283	-1.9565167595999056	-1.869510117515465	1.0	0.023198241905908527	-1.8061064821039035	-1.722280443853229	1.0	0.06244061927194175	-8.283728255567445	-8.051411936583683	1.0	0.06266854998455577	-7.264338913108442	-7.033991485400085	1.0
cluster0	chr2	8	910	956	46	0.011224724420151466	-0.9544411181986606	-0.912276719762302	1.0	0.010816532090756175	-0.6391562155176409	-0.5973290542363985	1.0	0.06242918475814429	-6.241151594943352	-5.997206279081297	1.0	0.06322567640536712	-4.212108003723415	-3.9661063744791454	1.0
cluster1	chr2	1	81	141	60	0.009152585426729398	1.2054286723815701	1.2393124129990085	1.0	0.005014100455910432	0.30266277294127725	0.3218441174788218	1.0	0.060880878403400944	8.608620809526805	8.849828244352562	1.0	0.0496775487409112	2.8906500168228537	3.0775814888678688	1.0
cluster1	chr2	3	324	349	25	0.023370735521296815	-1.220632934169175	-1.1340337009532564	1.0	0.023774345163655893	-1.7268653137250103	-1.6380978300183149	1.0	0.0873196360614923	-5.906838200807389	-5.583368246424819	1.0	0.07881255509025506	-7.59390681647537	-7.298634342050408	1.0
cluster1	chr2	4	349	382	33	0.023774345163655886	1.6380978300183149	1.72686531372501	1.0	0.006614047985577007	0.34248299471443977	0.36763008586124396	1.0	0.07881255509025506	7.298634342050408	7.59390681647537	1.0	0.05865227723861326	2.857595396056844	3.081826197499459	1.0
cluster1	chr2	6	744	765	21	0.03216485468509829	-2.004443249115173	-1.8839586111212483	1.0	0.03134280180095792	-1.8576120886999838	-1.7416713695232848	1.0	0.08228062480660994	-8.207576341896827	-7.8905911953412735	1.0	0.07872140613987944	-7.227714730862015	-6.948960982471768	1.0
cluster1	chr2	9	1143	1234	91	0.006644663987330591	0.11282171597734368	0.1405739030842831	1.0	0.006857160853304561	-0.5008790109935234	-0.4740370071741822	1.0	0.06471672040021956	1.0674090834548007	1.3383171940435454	1.0	0.07190770100738868	-5.809868126468089	-5.51989008129696	1.0
cluster2	chr2	2	744	765	21	0.029953978071743447	-1.6501057246202233	-1.5306777995150216	1.0	0.030629099277666962	-1.5700786821654098	-1.4520999137467254	1.0	0.0905511297838327	-7.1735595263658425	-6.814860546141328	1.0	0.09287354453501159	-6.497783854534937	-6.142445987139449	1.0
cluster3	chr2	1	81	125	44	0.012721376443100712	1.457254566834235	1.5036005396371317	1.0	0.01036032892814309	0.3486601388394503	0.3884626080292408	1.0	0.077852313090246	9.563544146781707	9.86807195665996	1.0	0.0801083564478456	2.690779867754485	3.0131376638667713	1.0
cluster3	chr2	2	125	202	77	0.01036032892814309	-0.38846260802924065	-0.34866013883945035	1.0	0.03586263465565135	2.3393190767631205	2.4742769600006826	1.0	0.0801083564478456	-3.0131376638667713	-2.690779867754485	1.0	0.07576739154861566	8.13004823939131	8.40741746121074	1.0
cluster3	chr2	3	202	223	21	0.03586263465565135	-2.474276960000683	-2.3393190767631205	1.0	0.0351773447261169	-2.567171146085028	-2.430548751651766	1.0	0.07576739154861566	-8.407417461210738	-8.13004823939131	1.0	0.07022080575052661	-9.46906717171776	-9.194291811492693	1.0
cluster3	chr2	5	744	766	22	0.03598731909656584	-2.1304418633341977	-1.993385375865631	1.0	0.0350937303343448	-1.8227754004410646	-1.6852073419718345	1.0	0.08833675588909279	-8.741572676446246	-8.413736281024674	1.0	0.088177852784292	-6.831995377722622	-6.489016154450728	1.0
cluster3	chr2	7	889	910	21	0.010707570659087643	0.6418880456819965	0.6857471799404695	1.0	0.01365107987161538	1.483291498721496	1.5369591505889348	1.0	0.0699496433450228	3.967010240072667	4.241471661130522	1.0	0.06845694253861498	7.295411514484022	7.563711982362282	1.0
cluster3	chr2	8	910	962	52	0.013651079871615375	-1.5369591505889348	-1.483291498721496	1.0	0.011228210429585377	-0.6896289434494973	-0.647635834724837	1.0	0.06845694253861498	-7.563711982362282	-7.295411514484022	1.0	0.06803518658747962	-4.664558770303433	-4.408430613128459	1.0
cluster4	chr2	1	83	125	42	0.023171025801436675	1.0948567100201592	1.1821017711438078	1.0	0.012887912876981366	0.37469217206888683	0.422470350577262	1.0	0.15228636485243885	7.467315892472881	8.05080389825881	1.0	0.12806682428671026	3.4473089159402837	3.934619770430214	1.0
all	chr2	1	81	125	44	0.00584203774633862	1.233715048994358	1.2549468246778024	1.0	0.00316080735346538	0.3746400859230016	0.3867882099573632	1.0	0.03700537021365358	8.309202695684181	8.443844927480177	1.0	0.028877584282673622	3.2615754465865883	3.377421792521115	1.0
all	chr2	3	324	349	25	0.010539614103369377	-1.1151985425940096	-1.0716134118124672	1.0	0.011476871939048814	-1.6058425511621075	-1.5621302461649051	1.0	0.041464758983903616	-5.553376121469776	-5.388812815298785	1.0	0.041291323988613154	-7.217767058018024	-7.063408715599973	1.0
all	chr2	4	349	382	33	0.01147687193904883	1.562130246164905	1.6058425511621075	1.0	0.0037319728913895313	0.35269320370616314	0.3666843786443453	1.0	0.041291323988613154	7.063408715599974	7.217767058018024	1.0	0.032991979778229374	2.947190420284831	3.068088024815441	1.0
all	chr2	6	744	765	21	0.0151917471746358	-1.934041120695698	-1.8796635511266113	1.0	0.015273790208989562	-1.7863444966317406	-1.7326152519589584	1.0	0.039416441625069444	-8.003885244404827	-7.862224126814649	1.0	0.04028385841043966	-7.029957204770188	-6.894856100960697	1.0
cluster0	chr5	1	50	74	24	0.015027333167918999	-0.8745054443592931	-0.817837714091368	1.0	0.014989892244916878	-1.4549317627857448	-1.399459925963242	1.0	0.04757210364178944	-2.995289666506753	-2.8204391385545744	1.0	0.047905076053725126	-5.5879645330415	-5.402918707186158	1.0
cluster0	chr5	2	74	134	60	0.014989892244916887	1.3994599259632423	1.454931762785745	1.0	0.014949600771862963	0.8571072954292204	0.9091644173396942	1.0	0.047905076053725126	5.402918707186158	5.5879645330415	1.0	0.052157949903346774	3.425261985451095	3.6041188521274314	1.0
cluster0	chr5	3	134	154	20	0.014949600771862977	-0.9091644173396942	-0.8571072954292203	1.0	0.014069771006815474	-1.2345794916168105	-1.1847846668025348	1.0	0.052157949903346774	-3.6041188521274314	-3.425261985451095	1.0	0.0492819965063633	-5.72244605811906	-5.544620345511891	1.0
cluster0	chr5	5	1009	1037	28	0.007588194677277188	0.41014369333783013	0.43856442799052187	1.0	0.011430298408535591	0.890155518680981	0.9350934730212384	1.0	0.0655055899206354	3.2310843445335435	3.4761262384973715	1.0	0.06856302413714734	5.25085340939588	5.526947693047167	1.0
cluster0	chr5	6	1037	1089	52	0.01143029840853559	-0.9350934730212385	-0.890155518680981	1.0	0.009054157388183914	-1.2395648840449862	-1.2048339794352638	1.0	0.06856302413714734	-5.526947693047166	-5.25085340939588	1.0	0.0665489074796714	-11.37028449251473	-11.106222759914639	1.0
cluster1	chr5	1	50	74	24	0.014888560483515454	-0.9478571446035859	-0.8936629526547913	1.0	0.01581451839656887	-1.537417564381717	-1.4801690186795604	1.0	0.044309420919460676	-3.183226074657331	-3.0240091772915565	1.0	0.050303124640905555	-5.797344244588645	-5.614535400074495	1.0
cluster1	chr5	2	74	134	60	0.01581451839656888	1.4801690186795604	1.5374175643817167	1.0	0.013487455532349538	0.9071976923168958	0.9604332780810891	1.0	0.050303124640905555	5.614535400074495	5.797344244588645	1.0	0.04748304451381611	3.583052036696347	3.7648646146536247	1.0
cluster1	chr5	3	134	154	20	0.013487455532349537	-0.9604332780810892	-0.907197692316896	1.0	0.012914305271468056	-1.3137244593525073	-1.2631208261587865	1.0	0.04748304451381611	-3.7648646146536247	-3.583052036696347	1.0	0.04452438720429164	-6.0257942127896404	-5.85015964560237	1.0
cluster1	chr5	5	1037	1089	52	0.008588463649810855	-0.5166187254505283	-0.4829263588859731	1.0	0.00882817332364692	-1.234069434990562	-1.1991457098963931	1.0	0.0666492615767927	-4.469984711501061	-4.208522790577823	1.0	0.06304327192970824	-11.329105804361769	-11.072411210631453	1.0
cluster1	chr5	7	1414	1444	30	0.007285400411946752	-0.6523697285753044	-0.6243889013237907	1.0	0.01580244623032659	0.9772305773328892	1.035400490390131	1.0	0.05158321931786743	-5.2698937911136685	-5.07157008990256	1.0	0.05701326584991374	4.014306435327234	4.231676676000747	1.0
cluster1	chr5	8	1444	1464	20	0.01580244623032658	-1.035400490390131	-0.9772305773328892	1.0	0.016021138484090734	-1.4698189245856221	-1.408248202398431	1.0	0.05701326584991374	-4.231676676000747	-4.014306435327234	1.0	0.05776510381168682	-6.681570381460456	-6.472616405727614	1.0
cluster1	chr5	9	1464	1503	39	0.01602113848409074	1.4082482023984308	1.4698189245856221	1.0	0.0274356392388656	2.234155496065559	2.3426941990795043	1.0	0.05776510381168682	6.4726164057276145	6.681570381460456	1.0	0.06939901179292142	9.145527029874708	9.411027994786346	1.0
cluster1	chr5	10	1503	1525	22	0.027435639238865616	-2.3426941990795043	-2.234155496065559	1.0	0.027121029834758382	-2.2603974834133798	-2.157362953331001	1.0	0.06939901179292142	-9.411027994786346	-9.145527029874708	1.0	0.0708138362272141	-9.84400649733931	-9.573112690493886	1.0
cluster2	chr5	1	50	74	24	0.01826011087163583	-0.8379159511681197	-0.7706586333189004	1.0	0.01848952974368961	-1.3534206212464919	-1.2824523701932533	1.0	0.06124292258044406	-3.0858778779095557	-2.834028298434437	1.0	0.0649859746824541	-5.467507723699474	-5.221450704987954	1.0
cluster2	chr5	2	74	134	60	0.01848952974368961	1.282452370193253	1.3534206212464917	1.0	0.0159365814749098	0.7717479726959892	0.8331823870645632	1.0	0.0649859746824541	5.221450704987954	5.467507723699474	1.0	0.0607289719751674	3.249249321783122	3.4790642873402247	1.0
cluster2	chr5	3	134	154	20	0.01593658147490979	-0.833182387064563	-0.7717479726959892	1.0	0.014297772118721654	-1.0506801991892936	-0.9978391629995903	1.0	0.0607289719751674	-3.4790642873402247	-3.2492493217831218	1.0	0.05411836413223587	-5.046890227495354	-4.848877072257886	1.0
cluster2	chr5	5	1009	1037	28	0.009639480390765629	0.38321597211735525	0.41884935723584293	1.0	0.013892075335067965	0.718934137011414	0.7712563445990708	1.0	0.08184017964205174	2.987618456001968	3.293646424511003	1.0	0.08499791228234223	4.3171352314193285	4.63860430463845	1.0
cluster2	chr5	6	1037	1090	53	0.013892075335067968	-0.7712563445990708	-0.7189341370114138	1.0	0.010124958637596165	-1.0805984314374004	-1.0425269209133	1.0	0.08499791228234223	-4.63860430463845	-4.3171352314193285	1.0	0.0787105316779333	-10.24013961007353	-9.940985707977855	1.0
cluster2	chr5	8	1414	1444	30	0.008576693560144842	-0.49978575920165	-0.46793064387187033	1.0	0.01780625553817692	0.7878429469734621	0.8549428193308641	1.0	0.06497868168315894	-4.1310054745453355	-3.8917695032271564	1.0	0.07167814993747737	3.50192005587376	3.769498094879011	1.0
cluster2	chr5	9	1444	1464	20	0.01780625553817693	-0.8549428193308641	-0.7878429469734621	1.0	0.01821571812097111	-1.2198302595120585	-1.1451591119775146	1.0	0.07167814993747737	-3.769498094879011	-3.50192005587376	1.0	0.07580697332408205	-5.93161450966933	-5.634522679990784	1.0
cluster2	chr5	10	1464	1503	39	0.018215718120971114	1.1451591119775146	1.2198302595120585	1.0	0.026652860692180685	1.9346315243164103	2.037601042334817	1.0	0.07580697332408205	5.634522679990784	5.93161450966933	1.0	0.08386504687537794	8.50510932973313	8.8223294262768	1.0
cluster2	chr5	11	1503	1525	22	0.026652860692180674	-2.037601042334817	-1.9346315243164105	1.0	0.02551275093067405	-1.960643448387417	-1.8570007177921144	1.0	0.08386504687537794	-8.8223294262768	-8.505109329733129	1.0	0.08081549424794197	-9.22809787420141	-8.906735655490024	1.0
cluster3	chr5	1	50	74	24	0.019178077024925837	-0.7534038522623417	-0.6801150260765841	1.0	0.01778385402653463	-1.2835152152103282	-1.21634678337192	1.0	0.0596456948685566	-2.4599956103660805	-2.230671349005026	1.0	0.05748429963169533	-4.804431771668909	-4.588282415079125	1.0
cluster3	chr5	2	74	154	80	0.017783854026534634	1.21634678337192	1.2835152152103282	1.0	0.010611034057860059	-0.3679626194131014	-0.3254345615244109	1.0	0.05748429963169533	4.588282415079125	4.804431771668909	1.0	0.09296908376421781	-3.2662126781337593	-2.888027866274795	1.0
cluster3	chr5	4	345	404	59	0.01134166707507551	0.47351813351884753	0.5176894026748835	1.0	0.015699750795440663	0.7869578174629281	0.8461956355939866	1.0	0.10981031084534579	4.448832161350637	4.885694505237816	1.0	0.0990973701280809	5.2300497047655705	5.606356017815372	1.0
cluster3	chr5	5	404	451	47	0.015699750795440667	-0.8461956355939868	-0.7869578174629283	1.0	0.013894924556940727	-0.7013971934925575	-0.64984562625095	1.0	0.0990973701280809	-5.606356017815371	-5.2300497047655705	1.0	0.09985625300802979	-5.6865706736130806	-5.300021287054369	1.0
cluster3	chr5	7	1038	1090	52	0.011523940795889162	-0.671256553572815	-0.6229043687828033	1.0	0.010793471072575049	-1.2590273502868456	-1.2129966411260402	1.0	0.08859508180440519	-5.734923311908019	-5.354033926474594	1.0	0.07619745639272237	-11.269564851352433	-10.96962818538448	1.0
cluster3	chr5	9	1382	1414	32	0.006691823154051249	0.49035078234036367	0.5162744928106677	1.0	0.010311001842033362	1.4070248902746654	1.4448818842452782	1.0	0.07797906511901705	5.1421949028492575	5.449924024720618	1.0	0.08440014112092567	11.027123130384453	11.334766562147868	1.0
cluster3	chr5	10	1414	1482	68	0.010311001842033367	-1.4448818842452782	-1.4070248902746652	1.0	0.011715153774879044	-1.0659645022287576	-1.0213237739346002	1.0	0.08440014112092567	-11.334766562147866	-11.027123130384453	1.0	0.07870802652196741	-6.754349415224845	-6.444731665053236	1.0
cluster3	chr5	11	1482	1503	21	0.01171515377487905	1.0213237739346002	1.0659645022287578	1.0	0.027191435680088208	2.355285291711014	2.455743864336751	1.0	0.07870802652196741	6.444731665053236	6.754349415224846	1.0	0.07597968690052412	9.41185513358109	9.708265268002537	1.0
cluster3	chr5	12	1503	1525	22	0.027191435680088222	-2.455743864336751	-2.355285291711014	1.0	0.026655159611168894	-1.8064234705327473	-1.7032839680552772	1.0	0.07597968690052412	-9.708265268002537	-9.41185513358109	1.0	0.08097929470810475	-7.650019598777913	-7.345775176777171	1.0
cluster3	chr5	13	1525	1610	85	0.026655159611168888	1.703283968055277	1.8064234705327473	1.0	0.009739814474646679	-0.715406442398409	-0.6767727608271158	1.0	0.08097929470810475	7.345775176777171	7.650019598777913	1.0	0.07036770283416835	-5.039326158843167	-4.775413229017111	1.0
cluster3	chr5	14	1610	1632	22	0.009739814474646679	0.6767727608271159	0.715406442398409	1.0	0.009434999725320373	0.8052043624722819	0.8426193861214738	1.0	0.07036770283416835	4.775413229017111	5.039326158843167	1.0	0.06622740453463133	5.3528454006188415	5.600637226034963	1.0
cluster4	chr5	2	1037	1090	53	0.018510313280683543	-0.5564151838305537	-0.48211932797269424	1.0	0.0176923082780326	-1.2652394742483064	-1.1986080540882682	1.0	0.14504119373741414	-4.74197020718336	-4.169011331778846	1.0	0.12816998562278595	-11.466390919086356	-10.988378773425424	1.0
cluster4	chr5	4	1414	1503	89	0.012514421706192087	-0.5379874405946722	-0.48881183172430914	1.0	0.04963266534120846	1.442865768489883	1.6277442881105522	1.0	0.15102044774644072	-7.014910111442686	-6.449627257541911	1.0	0.16103409215175604	6.597393402153528	7.220136389632925	1.0
cluster4	chr5	5	1503	1525	22	0.04963266534120847	-1.6277442881105524	-1.4428657684898831	1.0	0.04869771517879871	-1.8081946719091466	-1.6222596363816872	1.0	0.16103409215175604	-7.220136389632925	-6.597393402153528	1.0	0.15608165036497496	-8.528647738856018	-7.923754685239513	1.0
all	chr5	1	50	74	24	0.007499012094771225	-0.8427805336326065	-0.8134755984935136	1.0	0.007841871526571344	-1.4158755634794717	-1.386911683163496	1.0	0.023963195848212982	-2.903965244899015	-2.81127701285898	1.0	0.025599793172820347	-5.464703192588813	-5.366496115957952	1.0
all	chr5	2	74	134	60	0.00784187152657136	1.3869116831634962	1.415875563479472	1.0	0.0077062068681303915	0.8414654254954478	0.8703672084823503	1.0	0.025599793172820347	5.366496115957952	5.464703192588813	1.0	0.026904034064956495	3.377945448290736	3.4754074951628153	1.0
all	chr5	3	134	154	20	0.007706206868130379	-0.87036720848235	-0.8414654254954478	1.0	0.0075405841892179	-1.2157981444014894	-1.1865817817460318	1.0	0.026904034064956495	-3.4754074951628153	-3.377945448290736	1.0	0.026707424153298482	-5.6811836261017685	-5.5770498679952	1.0
all	chr5	5	1037	1089	52	0.004689058961067488	-0.5003794484424895	-0.4819319134311714	1.0	0.004611168155160367	-1.2179200145437836	-1.1997793471827962	1.0	0.03694709691190055	-4.342418591236381	-4.1907110505523315	1.0	0.0333619954221106	-11.190861254848521	-11.059921204314225	1.0
all	chr5	7	1414	1444	30	0.004083733903516326	-0.6255544358945262	-0.6102534089327432	1.0	0.008355444618023128	0.9508417903504429	0.9827750095558219	1.0	0.029621955866449213	-5.066049162576505	-4.959445639200864	1.0	0.030682289136059377	3.9547458302098137	4.069665652174015	1.0
all	chr5	8	1444	1464	20	0.008355444618023124	-0.9827750095558218	-0.950841790350443	1.0	0.008676887849276001	-1.413994983358186	-1.380866020730876	1.0	0.030682289136059377	-4.069665652174015	-3.9547458302098137	1.0	0.032556140983443796	-6.532719048071649	-6.406657933928386	1.0
all	chr5	9	1464	1503	39	0.008676887849276003	1.380866020730876	1.4139949833581862	1.0	0.013090202831627512	2.1246208142094676	2.174653230320192	1.0	0.032556140983443796	6.406657933928386	6.532719048071649	1.0	0.03682025984146141	8.899954695586517	9.04237915789866	1.0
all	chr5	10	1503	1525	22	0.013090202831627503	-2.174653230320192	-2.1246208142094676	1.0	0.012734933201757974	-2.0818552316798984	-2.0351446020903947	1.0	0.03682025984146141	-9.04237915789866	-8.899954695586517	1.0	0.036540043550034214	-9.379166765210746	-9.244292550238418	1.0
cluster0	chr7	1	79	104	25	0.025024571342605908	-1.2130230714658594	-1.1164668755564147	1.0	0.025326668074411585	-1.722012708727019	-1.622855877690939	1.0	0.0845327042551773	-5.201692408796084	-4.87001091865191	1.0	0.08583163886016347	-8.459545620391735	-8.120360811897202	1.0
cluster0	chr7	4	509	529	20	0.0312892134306421	-2.050046155008671	-1.936088740021196	1.0	0.03168803454160368	-1.7701246953039924	-1.6556602087489396	1.0	0.06672693166719569	-7.243999762310132	-7.011743187974218	1.0	0.06984122889366655	-5.670083730093044	-5.412145451735129	1.0
cluster0	chr7	5	529	598	69	0.0316880345416037	1.6556602087489396	1.7701246953039924	1.0	0.02615519174439397	2.817047975098204	2.9168592265573015	1.0	0.06984122889366655	5.412145451735129	5.670083730093044	1.0	0.04237848712336041	8.376144263877658	8.54986584490436	1.0
cluster0	chr7	6	598	625	27	0.026155191744393957	-2.9168592265573015	-2.8170479750982045	1.0	0.02635771858268715	-1.6972982917772683	-1.5972300050196095	1.0	0.04237848712336041	-8.54986584490436	-8.376144263877658	1.0	0.046379547480636815	-3.6722207086568988	-3.4923091602243432	1.0
cluster0	chr7	7	625	658	33	0.02635771858268715	1.5972300050196095	1.6972982917772685	1.0	0.013959250109501177	-1.5335569662650477	-1.4812754185579429	1.0	0.046379547480636815	3.4923091602243432	3.6722207086568988	1.0	0.05141079693626457	-6.719765494829446	-6.52387807530872	1.0
cluster0	chr7	8	658	714	56	0.013959250109501185	1.4812754185579429	1.533556966265048	1.0	0.008770765630917504	-0.7498057475085333	-0.7149122676893861	1.0	0.05141079693626457	6.52387807530872	6.719765494829446	1.0	0.07216589539597253	-5.842816374363566	-5.5624086821561205	1.0
cluster0	chr7	9	714	774	60	0.008770765630917516	0.714912267689386	0.7498057475085333	1.0	0.012391176459478659	0.9840398939337716	1.0300875187970489	1.0	0.07216589539597253	5.5624086821561205	5.842816374363567	1.0	0.08363157750436456	7.030184994704535	7.352538937262568	1.0
cluster0	chr7	10	774	823	49	0.012391176459478659	-1.0300875187970489	-0.9840398939337717	1.0	0.010691062246955598	-0.5175811911241623	-0.4746605268243002	1.0	0.08363157750436456	-7.352538937262567	-7.030184994704535	1.0	0.07941576193505175	-4.273345378827251	-3.955525895601057	1.0
cluster0	chr7	12	1369	1392	23	0.026958988641089993	-1.7789120092095938	-1.6688318661629387	1.0	0.026403748962752265	-1.183415949997451	-1.071361435257374	1.0	0.07764402762616218	-7.852199133911304	-7.542970128474635	1.0	0.07764073174815837	-4.508404590477234	-4.19370054723341	1.0
cluster1	chr7	1	79	104	25	0.028714187044770696	-1.2836544431535917	-1.1847647922143	1.0	0.02920149867493934	-1.7919282899481905	-1.6893700061220542	1.0	0.0933318927641795	-5.439188267857413	-5.121115503224123	1.0	0.09471470280377797	-8.692771330445847	-8.35554544737416	1.0
cluster1	chr7	4	509	529	20	0.03939616985635212	-2.1269879569166674	-1.973303679265471	1.0	0.03863730850364257	-1.8222782231166816	-1.6735678160206204	1.0	0.08349808547119042	-7.42308782277898	-7.094998230109635	1.0	0.08175443999920073	-5.726363364664986	-5.398240858413973	1.0
cluster1	chr7	5	529	598	69	0.03863730850364255	1.6735678160206209	1.8222782231166814	1.0	0.042743954679642385	3.024591851971113	3.1896162359844866	1.0	0.08175443999920073	5.398240858413973	5.726363364664986	1.0	0.05680782309274879	8.485752733615081	8.688820141048852	1.0
cluster1	chr7	6	598	624	26	0.04274395467964237	-3.1896162359844866	-3.024591851971113	1.0	0.0391291869336522	-1.8838281938264017	-1.7326901287007925	1.0	0.05680782309274879	-8.688820141048852	-8.485752733615081	1.0	0.05428105088692356	-3.769627697351549	-3.5659603335244694	1.0
cluster1	chr7	7	624	658	34	0.03912918693365219	1.7326901287007928	1.8838281938264019	1.0	0.01494579764968359	-1.657763556009488	-1.6007435949471909	1.0	0.05428105088692356	3.5659603335244694	3.769627697351549	1.0	0.05182517310717048	-7.217984212022994	-7.012698910127169	1.0
cluster1	chr7	8	658	714	56	0.014945797649683585	1.600743594947191	1.657763556009488	1.0	0.008638799691150759	-0.7127856348409674	-0.679701948347633	1.0	0.05182517310717048	7.012698910127169	7.217984212022994	1.0	0.06973296445249903	-5.56043240699273	-5.293284002152861	1.0
cluster1	chr7	9	714	774	60	0.008638799691150759	0.679701948347633	0.7127856348409674	1.0	0.012682338741878105	0.6957394560724688	0.7441571469158077	1.0	0.06973296445249903	5.293284002152861	5.56043240699273	1.0	0.07371284022643726	4.333871817755483	4.611118900718621	1.0
cluster1	chr7	10	774	802	28	0.012682338741878109	-0.7441571469158076	-0.6957394560724689	1.0	0.017263630192534987	0.6540358564928791	0.7250541650913441	1.0	0.07371284022643726	-4.611118900718621	-4.333871817755483	1.0	0.06410752136311193	2.550038125919844	2.815770904988579	1.0
cluster1	chr7	11	802	823	21	0.01726363019253499	-0.7250541650913441	-0.6540358564928793	1.0	0.01589859041248726	-1.01812041981398	-0.9593830028721901	1.0	0.06410752136311193	-2.815770904988579	-2.550038125919844	1.0	0.06487090249354868	-5.146274475581661	-4.90242185208449	1.0
cluster2	chr7	1	79	103	24	0.029707672063052314	-1.1063250123424773	-0.9877116167464337	1.0	0.030305777518423654	-1.542493970069913	-1.427235560120318	1.0	0.10338555310851927	-4.761937067034475	-4.357482794379962	1.0	0.10699960436097482	-7.519504454203933	-7.118860019940021	1.0
cluster2	chr7	4	509	529	20	0.03462660844389656	-1.7547471530275567	-1.6160457682601408	1.0	0.03476606717111111	-1.4187038269577874	-1.272137170371026	1.0	0.09070957483726066	-6.72678687226114	-6.339113167499552	1.0	0.09142590195217176	-4.839081325602851	-4.454883761276213	1.0
cluster2	chr7	5	529	598	69	0.03476606717111111	1.272137170371026	1.4187038269577874	1.0	0.031576901176173164	2.2986221287877195	2.4160458894925956	1.0	0.09142590195217176	4.454883761276213	4.839081325602851	1.0	0.06146799500588715	7.457941463497902	7.70842020306719	1.0
cluster2	chr7	6	598	625	27	0.03157690117617316	-2.416045889492596	-2.2986221287877195	1.0	0.029700635650855334	-1.3835601294350244	-1.2628533019751933	1.0	0.06146799500588715	-7.70842020306719	-7.457941463497902	1.0	0.05923949253110847	-3.301751432311108	-3.085866172660992	1.0
cluster2	chr7	7	625	657	32	0.029700635650855338	1.2628533019751935	1.3835601294350244	1.0	0.016950240906119803	-1.3399956283180534	-1.2778219273252949	1.0	0.05923949253110847	3.085866172660992	3.301751432311108	1.0	0.06413696711023753	-5.937097477090997	-5.691006201744289	1.0
cluster2	chr7	8	657	712	55	0.016950240906119813	1.2778219273252946	1.3399956283180534	1.0	0.009684653527245622	-0.6359056739888159	-0.5992942908547207	1.0	0.06413696711023753	5.691006201744289	5.937097477090997	1.0	0.07542938690368223	-4.821811766388039	-4.54892512061745	1.0
cluster2	chr7	9	712	774	62	0.009684653527245618	0.5992942908547206	0.6359056739888159	1.0	0.013782581005455674	0.7525022995273833	0.8043287782638161	1.0	0.07542938690368223	4.54892512061745	4.821811766388039	1.0	0.09241601103212087	5.370536796545852	5.720044656208311	1.0
cluster2	chr7	10	774	823	49	0.013782581005455668	-0.804328778263816	-0.7525022995273832	1.0	0.012446873569045804	-0.43661429873391766	-0.3893892809724315	1.0	0.09241601103212087	-5.720044656208311	-5.370536796545852	1.0	0.09624799070805963	-3.670133916352949	-3.29999809001127	1.0
cluster3	chr7	1	79	104	25	0.03663741549466081	-1.2329360081666714	-1.1013773907237683	1.0	0.03699934302793795	-1.7822757562837674	-1.6483605055628288	1.0	0.12355851227862522	-5.238965904630369	-4.77985397353617	1.0	0.12527176850462268	-8.71276389588417	-8.25213344236673	1.0
cluster3	chr7	3	302	391	89	0.010386334707238416	-0.7915891409602686	-0.7532216327803919	1.0	0.009004069263988538	-0.44622270893175525	-0.41083094003582876	1.0	0.09885556623203465	-8.014362449941856	-7.653684393825514	1.0	0.07610925754713549	-3.9266201008280035	-3.620339309875478	1.0
cluster3	chr7	5	509	529	20	0.039089213645137184	-2.138688025638204	-1.9773901175088315	1.0	0.03882657040475063	-1.674537665870934	-1.5119365473010657	1.0	0.0864064201204044	-7.613801730175549	-7.258869504892759	1.0	0.08924347283149381	-5.372044985684855	-4.988423662974386	1.0
cluster3	chr7	6	529	598	69	0.03882657040475063	1.5119365473010657	1.6745376658709337	1.0	0.03151026677676737	2.763583385273875	2.8775111376980975	1.0	0.08924347283149381	4.988423662974386	5.372044985684855	1.0	0.05469870229609657	8.00862484822321	8.223488449350915	1.0
cluster3	chr7	7	598	624	26	0.03151026677676737	-2.8775111376980975	-2.763583385273875	1.0	0.030216150757956674	-1.5393755321156826	-1.419336129584247	1.0	0.05469870229609657	-8.223488449350915	-8.00862484822321	1.0	0.053537291931938805	-3.2135098400503086	-3.0088350190658093	1.0
cluster3	chr7	8	624	658	34	0.030216150757956656	1.419336129584247	1.5393755321156828	1.0	0.01881880783237103	-1.7749113338541511	-1.7024138662229895	1.0	0.053537291931938805	3.0088350190658093	3.2135098400503086	1.0	0.06864134565968939	-7.6510185611910995	-7.393254316241932	1.0
cluster3	chr7	9	658	712	54	0.018818807832371037	1.7024138662229895	1.774911333854151	1.0	0.01299963600233571	-0.7750757562447533	-0.722788821936761	1.0	0.06864134565968939	7.393254316241932	7.6510185611910995	1.0	0.10844640180003473	-6.182357410228995	-5.749366043377458	1.0
cluster3	chr7	10	712	774	62	0.012999636002335712	0.7227888219367609	0.7750757562447534	1.0	0.02009674174349381	0.7893252653802548	0.8640212904119414	1.0	0.10844640180003473	5.749366043377458	6.182357410228995	1.0	0.11836686084857939	4.99819984024969	5.446050182305128	1.0
cluster3	chr7	11	774	802	28	0.020096741743493813	-0.8640212904119416	-0.7893252653802549	1.0	0.023932132338056324	0.590021060807306	0.6876724399615747	1.0	0.11836686084857939	-5.446050182305128	-4.99819984024969	1.0	0.09025472249855172	2.3149118708040572	2.665861159879091	1.0
cluster3	chr7	12	802	823	21	0.023932132338056324	-0.6876724399615746	-0.5900210608073059	1.0	0.02261015391442461	-0.9810909202687399	-0.8947743058978661	1.0	0.09025472249855172	-2.665861159879091	-2.3149118708040572	1.0	0.0932352086807477	-4.958588712295118	-4.613364633803928	1.0
cluster3	chr7	14	1209	1232	23	0.00949153398492049	0.4863269207358048	0.5219170636261149	1.0	0.011425725594899848	0.8817905931852608	0.9301522981059943	1.0	0.07733136258794596	3.5576605396895755	3.844643508083975	1.0	0.08499660625120484	5.809590123850464	6.154479674345521	1.0
cluster4	chr7	1	79	104	25	0.06767130656370964	-1.7916229770074843	-1.5113582720767065	1.0	0.06953160165871206	-2.270672453708769	-1.9950212104194893	1.0	0.18118767196370766	-6.811461872393041	-6.061477012957827	1.0	0.18709910942888164	-9.829734406083174	-9.126606257830707	1.0
cluster4	chr7	4	509	529	20	0.05952665349321916	-2.0568266915454503	-1.8281637584401855	1.0	0.058125878226268	-1.6986994825857407	-1.4746562857962304	1.0	0.13582019268076406	-7.277205787133129	-6.737304528067725	1.0	0.1328206440520012	-5.358310954204488	-4.865091658747219	1.0
cluster4	chr7	5	529	598	69	0.058125878226267996	1.4746562857962306	1.6986994825857407	1.0	0.07245631444115277	2.8461006966598235	3.124422722844557	1.0	0.1328206440520012	4.865091658747219	5.358310954204488	1.0	0.1028277940999168	8.073154330459841	8.486671969003469	1.0
cluster4	chr7	6	598	624	26	0.07245631444115279	-3.124422722844557	-2.8461006966598235	1.0	0.07391699138149883	-2.043872974179711	-1.7659439318745915	1.0	0.1028277940999168	-8.486671969003469	-8.073154330459841	1.0	0.11674252413424678	-4.229693600867688	-3.777304424404309	1.0
cluster4	chr7	7	624	658	34	0.07391699138149883	1.7659439318745918	2.043872974179711	1.0	0.032913716178344835	-1.4768189559109146	-1.352491492247862	1.0	0.11674252413424678	3.7773044244043095	4.229693600867688	1.0	0.12770786390283764	-6.531966898067916	-6.036986331391078	1.0
cluster4	chr7	8	658	712	54	0.032913716178344814	1.352491492247862	1.4768189559109144	1.0	0.021835710020286055	-0.7108374534009785	-0.6173166576755561	1.0	0.12770786390283764	6.036986331391078	6.531966898067916	1.0	0.17198731333232775	-5.40950887135884	-4.685333146883978	1.0
cluster4	chr7	9	712	774	62	0.02183571002028605	0.6173166576755559	0.7108374534009785	1.0	0.03103827863128439	0.8589592597701311	0.9816826796690237	1.0	0.17198731333232775	4.685333146883978	5.40950887135884	1.0	0.2108893438182351	6.0766010462483395	6.9067149131654775	1.0
cluster4	chr7	10	774	823	49	0.031038278631284385	-0.9816826796690238	-0.8589592597701311	1.0	0.02287192167126577	-0.5759607686889036	-0.485587851989622	1.0	0.2108893438182351	-6.9067149131654775	-6.0766010462483395	1.0	0.1669995044503145	-4.6744447326128595	-4.01144227898343	1.0
cluster4	chr7	13	1366	1392	26	0.06341596525043541	-1.6995793349174995	-1.4514659023431327	1.0	0.06425380244164346	-1.45894760694632	-1.2014662963843998	1.0	0.1831839893396362	-6.915193618078748	-6.2092034811169485	1.0	0.18920920000597838	-5.641926841751947	-4.881415281295432	1.0
all	chr7	1	79	104	25	0.014061934948553182	-1.196591947800223	-1.1412273852897294	1.0	0.014316010789088706	-1.6990282607633946	-1.6422036556215023	1.0	0.04699087694946185	-5.142101514642119	-4.95468677987606	1.0	0.048331067548562374	-8.35543387415671	-8.164125982205352	1.0
all	chr7	4	509	529	20	0.016140551849645166	-1.9567030410220645	-1.8947054498766853	1.0	0.016406334955028756	-1.6541296540974464	-1.5909568534467484	1.0	0.035922885007588876	-7.061116326891626	-6.927627842690313	1.0	0.03782064163590378	-5.3698618657323305	-5.22962826186982	1.0
all	chr7	5	529	598	69	0.01640633495502876	1.5909568534467482	1.6541296540974468	1.0	0.016283473473640755	2.7824357401597153	2.8386272348366943	1.0	0.03782064163590378	5.22962826186982	5.3698618657323305	1.0	0.026977796117055294	8.142769082283996	8.246690627579712	1.0
all	chr7	6	598	624	26	0.016283473473640744	-2.8386272348366943	-2.7824357401597153	1.0	0.01577998021950712	-1.617733289515099	-1.553614455512726	1.0	0.026977796117055294	-8.246690627579712	-8.142769082283996	1.0	0.02718656363434582	-3.49002621156789	-3.3807881518654677	1.0
all	chr7	7	624	658	34	0.015779980219507113	1.553614455512726	1.617733289515099	1.0	0.007770719890197643	-1.564664495302726	-1.5349744500140212	1.0	0.02718656363434582	3.3807881518654677	3.49002621156789	1.0	0.028592007132869916	-6.879203111066899	-6.766023833540846	1.0
all	chr7	8	658	712	54	0.007770719890197652	1.5349744500140212	1.5646644953027262	1.0	0.0050966820096247705	-0.6885699756433339	-0.6690779043378579	1.0	0.028592007132869916	6.766023833540846	6.8792031110669	1.0	0.04099565888675001	-5.334003945237386	-5.180906301658233	1.0
all	chr7	9	712	774	62	0.005096682009624772	0.6690779043378577	0.6885699756433338	1.0	0.007330646910619712	0.7073987288188331	0.7355513617560032	1.0	0.04099565888675001	5.180906301658233	5.334003945237386	1.0	0.04300014923644754	4.394102790616393	4.563025666756266	1.0
all	chr7	10	774	802	28	0.00733064691061971	-0.7355513617560031	-0.7073987288188331	1.0	0.009907887735373464	0.582753493576055	0.6214232374423658	1.0	0.04300014923644754	-4.563025666756266	-4.394102790616393	1.0	0.03735557885868558	2.2905831618174206	2.437025034817793	1.0
all	chr7	11	802	823	21	0.009907887735373464	-0.6214232374423657	-0.5827534935760549	1.0	0.008762287799667826	-0.8645554693456861	-0.8280665316174939	1.0	0.03735557885868558	-2.437025034817793	-2.2905831618174206	1.0	0.036943220012608705	-4.421176820571189	-4.269964940881792	1.0
cluster0	chr8	2	875	934	59	0.006677626274745067	0.44510652961454555	0.4722671387198531	1.0	0.007553865126098023	0.39498950192910937	0.42351985578661144	1.0	0.07992040125248888	4.75873692535054	5.083693077791735	1.0	0.066914908089366	3.536423672195177	3.784482267369988	1.0
cluster0	chr8	5	1239	1285	46	0.011574975410074828	-1.8850470337562821	-1.8432725397944307	1.0	0.01135687400625703	-1.5118713147313516	-1.4679263469054586	1.0	0.06179649720124563	-13.490756243403295	-13.25208700401188	1.0	0.057994666019659705	-8.866571689445873	-8.644867763530508	1.0
cluster1	chr8	2	875	934	59	0.00632564084862029	0.43736230000695614	0.4613996983555385	1.0	0.008047573708591873	0.41336572858487247	0.4412403936196873	1.0	0.07333865555260372	4.6450358792503	4.923815870513526	1.0	0.07039248555554753	3.6535405320611334	3.9051453247487196	1.0
cluster1	chr8	5	1239	1285	46	0.013323104162908108	-1.9952349554003166	-1.9437534715986975	1.0	0.012997965698579363	-1.6013916659510479	-1.5512316410323932	1.0	0.06723334403655723	-13.889878620532416	-13.623422136337464	1.0	0.06399020039519793	-9.164373682314487	-8.903924916337632	1.0
cluster2	chr8	3	995	1048	53	0.012762038026263505	-0.4200445167577263	-0.3686593106115812	1.0	0.01542836703814451	-0.938685476829483	-0.8823481175769773	1.0	0.09537338899984461	-3.3545327757931918	-2.9823287361921276	1.0	0.12874728525784604	-8.571282362538822	-8.098462196618957	1.0
cluster2	chr8	5	1239	1259	20	0.017167027778504703	-0.9071880722633586	-0.8395471556256979	1.0	0.030102707642325362	1.752341544336572	1.8697895661799033	1.0	0.08633823342339508	-5.422608708351949	-5.0915828644741525	1.0	0.08408012189364027	5.569243769902345	5.861778939756134	1.0
cluster2	chr8	6	1259	1285	26	0.030102707642325376	-1.8697895661799033	-1.7523415443365717	1.0	0.028523229427679563	-2.4005386540451172	-2.2895276353920297	1.0	0.08408012189364027	-5.861778939756134	-5.569243769902345	1.0	0.07443261703596896	-9.834191822335299	-9.561001824452365	1.0
cluster3	chr8	2	876	916	40	0.010753045325884973	0.5667258891461474	0.6067280155669249	1.0	0.01359643227634234	0.35929488097679235	0.4100107085176828	1.0	0.12023909620608675	5.221819714089729	5.677209963840643	1.0	0.11350866049593933	3.058332763072381	3.4793397360834177	1.0
cluster3	chr8	5	1239	1285	46	0.01629809897024712	-2.1037522679009824	-2.0411588405847207	1.0	0.015819845666067825	-1.7509370192890683	-1.691260776974162	1.0	0.0854198145970572	-14.700907417277806	-14.381516754779597	1.0	0.0815006022092789	-10.13477697766098	-9.83798834871801	1.0
cluster4	chr8	2	396	416	20	0.03351556078461007	-1.2716771023116682	-1.1414282011700432	1.0	0.03548473145920114	-2.216477928986197	-2.0696119630467167	1.0	0.12300431246172361	-5.62472618913468	-5.148391068369871	1.0	0.11917639159283676	-10.874475240088966	-10.369723194593586	1.0
cluster4	chr8	4	565	589	24	0.028550637865676808	-1.4319202503539024	-1.326682675700889	1.0	0.02841772018945795	-1.3750191438306285	-1.264709135347697	1.0	0.1341560162439808	-8.892261911746411	-8.398558138022633	1.0	0.1313019911561611	-8.146865040969123	-7.6253066088697095	1.0
cluster4	chr8	5	589	675	86	0.02841772018945795	1.264709135347697	1.3750191438306287	1.0	0.03196880378496166	0.9049084317138639	1.022745679765827	1.0	0.1313019911561611	7.6253066088697095	8.146865040969123	1.0	0.17030008741570588	5.968643952743365	6.560663933681332	1.0
cluster4	chr8	6	675	700	25	0.03196880378496165	-1.022745679765827	-0.9049084317138639	1.0	0.03427307099421048	-1.2275854251052967	-1.1033680298733362	1.0	0.17030008741570588	-6.560663933681331	-5.968643952743365	1.0	0.19393418447150002	-8.881769134274544	-8.161794592198367	1.0
cluster4	chr8	8	1239	1259	20	0.024178799915379016	-1.0816610525931882	-0.9799143563230917	1.0	0.056862361205383044	2.0298790648379996	2.2559801640052206	1.0	0.13163401318084847	-7.241557458616442	-6.6931056783578	1.0	0.14419744752500205	6.579194772393606	7.090996716228937	1.0
cluster4	chr8	9	1259	1285	26	0.05686236120538304	-2.2559801640052206	-2.0298790648379996	1.0	0.055481298893343904	-3.001938421190199	-2.789356588577873	1.0	0.14419744752500205	-7.090996716228936	-6.579194772393606	1.0	0.13044635042060987	-12.774953771383762	-12.26371886041935	1.0
all	chr8	2	875	934	59	0.0034593995126578863	0.47450161598781965	0.4876591000456341	1.0	0.004696342227938671	0.3903318024188108	0.4075974739651053	1.0	0.04249073045700111	5.167863371888015	5.343025864879164	1.0	0.042343259223052966	3.572151786949959	3.7267127066121453	1.0
all	chr8	5	1239	1285	46	0.006629163689281994	-1.895063291070382	-1.8693407117281746	1.0	0.006595969157261633	-1.5231681814294804	-1.4981965353295907	1.0	0.03553823723805392	-13.66928696271472	-13.528004371070386	1.0	0.03408323477657872	-9.024956906159211	-8.896026280679544	1.0
cluster0	chr9	1	192	218	26	0.016433196541744518	-0.9265946545169962	-0.864159314435309	1.0	0.01593933099962865	-1.103443893236359	-1.0484843090444471	1.0	0.06785755482106332	-4.569755728728211	-4.3082178309251935	1.0	0.06489127641345638	-5.746181497226104	-5.5058086811566485	1.0
cluster0	chr9	3	660	689	29	0.02156009145436962	-1.2406173547647514	-1.1547654154216869	1.0	0.022125279579528038	-0.7846799874172328	-0.6999590292069564	1.0	0.08808349776722146	-6.603611119859426	-6.260783882762738	1.0	0.08189880016451877	-3.0550184920216705	-2.737096057677918	1.0
cluster0	chr9	4	689	721	32	0.022125279579528038	0.6999590292069564	0.7846799874172329	1.0	0.014938239497160721	-0.8585379010199518	-0.7989878301708366	1.0	0.08189880016451877	2.7370960576779186	3.0550184920216705	1.0	0.08096086574055547	-5.37764379724203	-5.06464967890143	1.0
cluster0	chr9	5	721	816	95	0.014938239497160737	0.7989878301708369	0.8585379010199519	1.0	0.010657768275862763	1.0971789237758525	1.1377240740841188	1.0	0.08096086574055547	5.06464967890143	5.37764379724203	1.0	0.05850175570563061	7.135599465923508	7.358096068965049	1.0
cluster0	chr9	6	816	856	40	0.010657768275862756	-1.1377240740841186	-1.0971789237758525	1.0	0.010071009344465755	-0.8982710855739233	-0.8599890309143182	1.0	0.05850175570563061	-7.358096068965049	-7.135599465923508	1.0	0.05454041278372435	-5.765335848737264	-5.563528255683109	1.0
cluster1	chr9	1	72	94	22	0.03481180255567558	-2.4297188110499257	-2.2952460162004193	1.0	0.0352188067782345	-2.3739068115173394	-2.245175201645427	1.0	0.06859689181081007	-8.352866035887692	-8.094990878745572	1.0	0.07246451413268673	-8.273538912402918	-8.014042751008594	1.0
cluster1	chr9	2	94	194	100	0.03521880677823448	2.2451752016454267	2.37390681151734	1.0	0.04119232855073663	0.8519797774628894	0.9950788000079497	1.0	0.07246451413268673	8.014042751008594	8.27353891240292	1.0	0.16225959057410677	4.148931362499266	4.716587102066403	1.0
cluster1	chr9	3	194	218	24	0.041192328550736616	-0.9950788000079497	-0.8519797774628896	1.0	0.036974452133502186	-1.046603363078948	-0.919396136185725	1.0	0.16225959057410677	-4.716587102066403	-4.148931362499266	1.0	0.1452272488341483	-5.403912958318336	-4.897133934402158	1.0
cluster2	chr9	1	71	94	23	0.04384717051699792	-2.034649173580178	-1.8728230212414136	1.0	0.042847678679045154	-2.000593482774582	-1.8418229703999691	1.0	0.10794370061102629	-7.5983645388154235	-7.186179173288954	1.0	0.10513557465412551	-7.531356972644791	-7.119640894193007	1.0
cluster2	chr9	2	94	178	84	0.04284767867904515	1.8418229703999691	2.000593482774582	1.0	0.015336029264093767	0.7720790026621612	0.8285774026347295	1.0	0.10513557465412551	7.119640894193007	7.531356972644791	1.0	0.08235005895528061	4.543352824874377	4.866827810678355	1.0
cluster2	chr9	3	178	218	40	0.01533602926409378	-0.8285774026347295	-0.772079002662161	1.0	0.014183638752519705	-0.8498919387727211	-0.7982449574922192	1.0	0.08235005895528061	-4.866827810678355	-4.543352824874377	1.0	0.081133321007817	-5.778630990877088	-5.483909702335163	1.0
cluster3	chr9	1	194	218	24	0.02558283398600921	-0.9164192006269335	-0.8162740358876172	1.0	0.026817752052660813	-0.9883344590152562	-0.8880632054718942	1.0	0.1000299385359434	-4.347425383787232	-3.944598944629641	1.0	0.10257849275000155	-4.2850352863269165	-3.9249269311899706	1.0
cluster3	chr9	2	218	276	58	0.02681775205266082	0.8880632054718941	0.9883344590152562	1.0	0.013413889721484459	-0.5820799815752793	-0.5323866959488809	1.0	0.10257849275000155	3.924926931189971	4.2850352863269165	1.0	0.09396905797808648	-4.3558570653266395	-3.993393988896529	1.0
cluster3	chr9	3	276	331	55	0.013413889721484464	0.5323866959488808	0.5820799815752794	1.0	0.015049645487642023	1.174429418626813	1.231021875453455	1.0	0.09396905797808648	3.993393988896529	4.3558570653266395	1.0	0.0650455852147056	5.923257661869139	6.173912792393715	1.0
cluster3	chr9	4	331	355	24	0.015049645487642016	-1.2310218754534548	-1.174429418626813	1.0	0.014384019579412127	-0.7624737190836699	-0.7062393843634549	1.0	0.0650455852147056	-6.173912792393715	-5.923257661869139	1.0	0.0665949939377502	-4.011626359234121	-3.7655912792086776	1.0
cluster3	chr9	6	660	690	30	0.027388983312512022	-1.238187135005912	-1.1295263281520314	1.0	0.027772433130734214	-0.7312222261413146	-0.6234340493483504	1.0	0.10768566898439076	-6.526847048065846	-6.115163502997088	1.0	0.09613104729713756	-2.7707711129912407	-2.404870428277182	1.0
cluster3	chr9	7	690	721	31	0.02777243313073421	0.6234340493483504	0.7312222261413147	1.0	0.014493947990110109	-0.9700941677651671	-0.9144608188590482	1.0	0.09613104729713756	2.404870428277182	2.7707711129912407	1.0	0.08080807558169778	-5.9264330377869285	-5.617475704207484	1.0
cluster3	chr9	8	721	816	95	0.0144939479901101	0.9144608188590481	0.9700941677651669	1.0	0.016084826371668436	1.2476545431399955	1.311201687015611	1.0	0.08080807558169778	5.617475704207484	5.9264330377869285	1.0	0.08571103369830761	7.948831700956024	8.263963889252492	1.0
cluster3	chr9	9	816	856	40	0.01608482637166842	-1.3112016870156107	-1.2476545431399957	1.0	0.015988515339503746	-1.0871159149245637	-1.0253558195046704	1.0	0.08571103369830761	-8.263963889252492	-7.948831700956024	1.0	0.08435993971026383	-6.829128159076319	-6.514634833520172	1.0
cluster4	chr9	1	164	219	55	0.02355007918537104	-0.6451752533956259	-0.5541618728320838	1.0	0.02309542772170767	-0.7737911882705338	-0.6840119809095929	1.0	0.15663154417609865	-4.62083311678981	-4.006838944288087	1.0	0.1632844372730427	-6.209816193843644	-5.570123489358539	1.0
all	chr9	1	71	94	23	0.014832173250631703	-2.1115674602141676	-2.0535993059358146	1.0	0.014691924615860276	-2.0368353183232855	-1.980706865185358	1.0	0.03573356441766001	-7.753978496582729	-7.618555184715873	1.0	0.03629307933352773	-7.606473928131046	-7.47162340308018	1.0
all	chr9	2	94	194	100	0.014691924615860281	1.9807068651853579	2.0368353183232855	1.0	0.013353651191721919	0.923967288143357	0.9755118178947862	1.0	0.03629307933352773	7.47162340308018	7.606473928131046	1.0	0.052081271436290065	4.367362860964638	4.567725868914451	1.0
all	chr9	3	194	218	24	0.013353651191721914	-0.9755118178947861	-0.9239672881433569	1.0	0.01136822902158363	-1.0570132035469368	-1.0140137542028305	1.0	0.052081271436290065	-4.56772586891445	-4.367362860964638	1.0	0.04234963545993682	-5.352562981179595	-5.1860712760014	1.0
all	chr9	5	660	689	29	0.011868201163834231	-1.192497351361112	-1.142668903743213	1.0	0.012422491026487062	-0.7287524032627563	-0.6816861853086608	1.0	0.04967915620381538	-6.424369252023012	-6.227491524802216	1.0	0.045879049825381824	-2.8628330449896904	-2.692524451588634	1.0
all	chr9	6	689	721	32	0.012422491026487062	0.6816861853086607	0.7287524032627564	1.0	0.007260887445109942	-0.8316353345466306	-0.8047683961349735	1.0	0.045879049825381824	2.692524451588634	2.8628330449896904	1.0	0.039689173796370776	-5.224335610787751	-5.077041539057982	1.0
all	chr9	7	721	816	95	0.007260887445109933	0.8047683961349735	0.8316353345466305	1.0	0.005896400163787556	1.0885008023993468	1.1102017249305967	1.0	0.039689173796370776	5.077041539057982	5.224335610787751	1.0	0.03338388343393714	7.0726614108543995	7.1963769076398645	1.0
all	chr9	8	816	856	40	0.0058964001637875655	-1.1102017249305967	-1.0885008023993465	1.0	0.005552464867129924	-0.8826333846725792	-0.8611531557385904	1.0	0.03338388343393714	-7.1963769076398645	-7.0726614108543995	1.0	0.030771870310460123	-5.685075810499741	-5.569504374704333	1.0
cluster2	chr13	1	51	100	49	0.01101227762838445	0.2165775055608661	0.2577959338840388	1.0	0.009105609594151059	-0.40647790614191714	-0.37054304262687676	1.0	0.06590709916879241	1.3011662460539193	1.5425362107053706	1.0	0.07304702989405878	-3.3928159844345718	-3.118878371390153	1.0
cluster2	chr13	3	333	353	20	0.02563454183281228	-1.3953887476995974	-1.2884387711528005	1.0	0.030563906141966055	-0.6760377060100473	-0.5581602623700793	1.0	0.08616545359758578	-6.3746124327961695	-5.988954029046716	1.0	0.105526950405137	-2.4485730234016096	-2.037110404756503	1.0
cluster2	chr13	4	353	396	43	0.030563906141966055	0.5581602623700792	0.6760377060100473	1.0	0.01632578632652407	-0.707961160287603	-0.641385799800279	1.0	0.105526950405137	2.037110404756503	2.4485730234016096	1.0	0.10736594954434323	-5.339956641868525	-4.902600924286028	1.0
cluster3	chr13	3	325	350	25	0.01938335433075477	-1.4281172098911847	-1.3517655099370751	1.0	0.02354038045404201	-0.44880420421120354	-0.359324665183125	1.0	0.07863972917043484	-7.53811502469041	-7.240078334445213	1.0	0.09525992092810211	-1.8513888871206334	-1.483981313207072	1.0
cluster3	chr13	4	350	395	45	0.02354038045404201	0.35932466518312506	0.4488042042112035	1.0	0.01592967586717456	-0.7331231955433823	-0.6688668865994634	1.0	0.09525992092810211	1.483981313207072	1.8513888871206334	1.0	0.10527243712839801	-5.510260197128465	-5.101633950015535	1.0
