source	chromosome	orig_seg_id	bin_start	bin_end	side	srd	srd_phi	pooled_phi
cluster0	chr1	3	674	763	left	-3.8429	-2.6384	2.1214
cluster0	chr1	3	674	763	right	-5.5321	-3.7982	2.1214
cluster0	chr1	5	1183	1245	left	-1.8978	-1.303	2.1214
cluster0	chr1	5	1183	1245	right	-15.4361	-10.598	2.1214
cluster0	chr1	6	1245	1315	left	15.4361	10.598	2.1214
cluster0	chr1	6	1245	1315	right	9.4173	6.4656	2.1214
cluster0	chr1	7	1315	1414	left	-9.4173	-6.4656	2.1214
cluster0	chr1	7	1315	1414	right	-7.4495	-5.1146	2.1214
cluster1	chr1	3	674	763	left	-3.9241	-2.6003	2.2774
cluster1	chr1	3	674	763	right	-5.6744	-3.7601	2.2774
cluster1	chr1	5	1183	1245	left	-1.6419	-1.088	2.2774
cluster1	chr1	5	1183	1245	right	-15.232	-10.0934	2.2774
cluster1	chr1	6	1245	1315	left	15.232	10.0934	2.2774
cluster1	chr1	6	1245	1315	right	9.6808	6.415	2.2774
cluster1	chr1	7	1315	1414	left	-9.6808	-6.415	2.2774
cluster1	chr1	7	1315	1414	right	-7.8715	-5.216	2.2774
cluster2	chr1	4	1183	1245	left	-2.0818	-1.8013	1.3358
cluster2	chr1	4	1183	1245	right	-14.7363	-12.7504	1.3358
cluster2	chr1	5	1245	1315	left	14.7363	12.7504	1.3358
cluster2	chr1	5	1245	1315	right	7.2142	6.242	1.3358
cluster2	chr1	6	1315	1414	left	-7.2142	-6.242	1.3358
cluster2	chr1	6	1315	1414	right	-5.4677	-4.7309	1.3358
cluster3	chr1	2	463	493	left	-6.6246	-4.2021	2.4854
cluster3	chr1	2	463	493	right	-5.1045	-3.2379	2.4854
cluster3	chr1	5	1183	1245	left	-2.8368	-1.7994	2.4854
cluster3	chr1	5	1183	1245	right	-16.6965	-10.5908	2.4854
cluster3	chr1	6	1245	1315	left	16.6965	10.5908	2.4854
cluster3	chr1	6	1245	1315	right	8.6878	5.5108	2.4854
cluster3	chr1	7	1315	1336	left	-8.6878	-5.5108	2.4854
cluster3	chr1	7	1315	1336	right	-4.9725	-3.1541	2.4854
cluster3	chr1	8	1336	1380	left	4.9725	3.1541	2.4854
cluster3	chr1	8	1336	1380	right	7.3515	4.6632	2.4854
cluster3	chr1	9	1380	1414	left	-7.3515	-4.6632	2.4854
cluster3	chr1	9	1380	1414	right	-10.0684	-6.3865	2.4854
cluster4	chr1	2	456	493	left	-5.3477	-3.7307	2.0547
cluster4	chr1	2	456	493	right	-4.7399	-3.3067	2.0547
cluster4	chr1	4	1183	1245	left	-1.1146	-0.7776	2.0547
cluster4	chr1	4	1183	1245	right	-14.8142	-10.3348	2.0547
cluster4	chr1	5	1245	1315	left	14.8142	10.3348	2.0547
cluster4	chr1	5	1245	1315	right	6.654	4.6421	2.0547
cluster4	chr1	6	1315	1380	left	-6.654	-4.6421	2.0547
cluster4	chr1	6	1315	1380	right	4.7041	3.2817	2.0547
cluster4	chr1	7	1380	1414	left	-4.7041	-3.2817	2.0547
cluster4	chr1	7	1380	1414	right	-8.5458	-5.9618	2.0547
cluster0	chr2	1	81	125	left	8.4104	7.5803	1.231
cluster0	chr2	1	81	125	right	3.3994	3.0639	1.231
cluster0	chr2	3	324	349	left	-5.639	-5.0825	1.231
cluster0	chr2	3	324	349	right	-7.3326	-6.6089	1.231
cluster0	chr2	4	349	382	left	7.3326	6.6089	1.231
cluster0	chr2	4	349	382	right	3.0787	2.7748	1.231
cluster0	chr2	6	744	766	left	-8.1677	-7.3616	1.231
cluster0	chr2	6	744	766	right	-7.1483	-6.4428	1.231
cluster0	chr2	8	910	956	left	-6.1277	-5.523	1.231
cluster0	chr2	8	910	956	right	-4.0812	-3.6784	1.231
cluster1	chr2	1	81	141	left	8.726	7.5358	1.3408
cluster1	chr2	1	81	141	right	2.9806	2.574	1.3408
cluster1	chr2	3	324	349	left	-5.7423	-4.959	1.3408
cluster1	chr2	3	324	349	right	-7.443	-6.4278	1.3408
cluster1	chr2	4	349	382	left	7.443	6.4278	1.3408
cluster1	chr2	4	349	382	right	2.9621	2.5581	1.3408
cluster1	chr2	6	744	765	left	-8.051	-6.9529	1.3408
cluster1	chr2	6	744	765	right	-7.0945	-6.1268	1.3408
cluster1	chr2	9	1143	1234	left	1.1934	1.0306	1.3408
cluster1	chr2	9	1143	1234	right	-5.6709	-4.8974	1.3408
cluster2	chr2	2	744	765	left	-6.9861	-7.7083	0.8214
cluster2	chr2	2	744	765	right	-6.3189	-6.9721	0.8214
cluster3	chr2	1	81	125	left	9.7209	8.2202	1.3984
cluster3	chr2	1	81	125	right	2.847	2.4075	1.3984
cluster3	chr2	2	125	202	left	-2.847	-2.4075	1.3984
cluster3	chr2	2	125	202	right	8.2784	7.0004	1.3984
cluster3	chr2	3	202	223	left	-8.2784	-7.0004	1.3984
cluster3	chr2	3	202	223	right	-9.3343	-7.8933	1.3984
cluster3	chr2	5	744	766	left	-8.5624	-7.2406	1.3984
cluster3	chr2	5	744	766	right	-6.6504	-5.6237	1.3984
cluster3	chr2	7	889	910	left	4.1064	3.4725	1.3984
cluster3	chr2	7	889	910	right	7.4286	6.2818	1.3984
cluster3	chr2	8	910	962	left	-7.4286	-6.2818	1.3984
cluster3	chr2	8	910	962	right	-4.5258	-3.8271	1.3984
cluster4	chr2	1	83	125	left	7.7471	7.1485	1.1745
cluster4	chr2	1	83	125	right	3.6983	3.4125	1.1745
cluster0	chr5	1	50	74	left	-2.9108	-2.304	1.5961
cluster0	chr5	1	50	74	right	-5.4849	-4.3415	1.5961
cluster0	chr5	2	74	134	left	5.4849	4.3415	1.5961
cluster0	chr5	2	74	134	right	3.5123	2.7801	1.5961
cluster0	chr5	3	134	154	left	-3.5123	-2.7801	1.5961
cluster0	chr5	3	134	154	right	-5.6324	-4.4583	1.5961
cluster0	chr5	5	1009	1037	left	3.3437	2.6467	1.5961
cluster0	chr5	5	1009	1037	right	5.3676	4.2487	1.5961
cluster0	chr5	6	1037	1089	left	-5.3676	-4.2487	1.5961
cluster0	chr5	6	1037	1089	right	-11.228	-8.8874	1.5961
cluster1	chr5	1	50	74	left	-3.1086	-2.43	1.6365
cluster1	chr5	1	50	74	right	-5.6999	-4.4556	1.6365
cluster1	chr5	2	74	134	left	5.6999	4.4556	1.6365
cluster1	chr5	2	74	134	right	3.6762	2.8737	1.6365
cluster1	chr5	3	134	154	left	-3.6762	-2.8737	1.6365
cluster1	chr5	3	134	154	right	-5.936	-4.6401	1.6365
cluster1	chr5	5	1037	1089	left	-4.3358	-3.3893	1.6365
cluster1	chr5	5	1037	1089	right	-11.2	-8.755	1.6365
cluster1	chr5	7	1414	1444	left	-5.173	-4.0437	1.6365
cluster1	chr5	7	1414	1444	right	4.1157	3.2172	1.6365
cluster1	chr5	8	1444	1464	left	-4.1157	-3.2172	1.6365
cluster1	chr5	8	1444	1464	right	-6.5854	-5.1477	1.6365
cluster1	chr5	9	1464	1503	left	6.5854	5.1477	1.6365
cluster1	chr5	9	1464	1503	right	9.2719	7.2478	1.6365
cluster1	chr5	10	1503	1525	left	-9.2719	-7.2478	1.6365
cluster1	chr5	10	1503	1525	right	-9.7129	-7.5925	1.6365
cluster2	chr5	1	50	74	left	-2.9614	-2.9531	1.0056
cluster2	chr5	1	50	74	right	-5.3508	-5.3358	1.0056
cluster2	chr5	2	74	134	left	5.3508	5.3358	1.0056
cluster2	chr5	2	74	134	right	3.365	3.3556	1.0056
cluster2	chr5	3	134	154	left	-3.365	-3.3556	1.0056
cluster2	chr5	3	134	154	right	-4.9615	-4.9476	1.0056
cluster2	chr5	5	1009	1037	left	3.1359	3.1271	1.0056
cluster2	chr5	5	1009	1037	right	4.4775	4.465	1.0056
cluster2	chr5	6	1037	1090	left	-4.4775	-4.465	1.0056
cluster2	chr5	6	1037	1090	right	-10.0721	-10.0439	1.0056
cluster2	chr5	8	1414	1444	left	-4.0027	-3.9915	1.0056
cluster2	chr5	8	1414	1444	right	3.6454	3.6352	1.0056
cluster2	chr5	9	1444	1464	left	-3.6454	-3.6352	1.0056
cluster2	chr5	9	1444	1464	right	-5.7824	-5.7663	1.0056
cluster2	chr5	10	1464	1503	left	5.7824	5.7663	1.0056
cluster2	chr5	10	1464	1503	right	8.6594	8.6352	1.0056
cluster2	chr5	11	1503	1525	left	-8.6594	-8.6352	1.0056
cluster2	chr5	11	1503	1525	right	-9.0679	-9.0425	1.0056
cluster3	chr5	1	50	74	left	-2.3571	-1.8539	1.6165
cluster3	chr5	1	50	74	right	-4.7003	-3.6968	1.6165
cluster3	chr5	2	74	154	left	4.7003	3.6968	1.6165
cluster3	chr5	2	74	154	right	-3.0761	-2.4194	1.6165
cluster3	chr5	4	345	404	left	4.6593	3.6646	1.6165
cluster3	chr5	4	345	404	right	5.445	4.2826	1.6165
cluster3	chr5	5	404	451	left	-5.445	-4.2826	1.6165
cluster3	chr5	5	404	451	right	-5.4923	-4.3198	1.6165
cluster3	chr5	7	1038	1090	left	-5.5455	-4.3616	1.6165
cluster3	chr5	7	1038	1090	right	-11.118	-8.7444	1.6165
cluster3	chr5	9	1382	1414	left	5.3058	4.173	1.6165
cluster3	chr5	9	1382	1414	right	11.1887	8.8	1.6165
cluster3	chr5	10	1414	1482	left	-11.1887	-8.8	1.6165
cluster3	chr5	10	1414	1482	right	-6.5947	-5.1868	1.6165
cluster3	chr5	11	1482	1503	left	6.5947	5.1868	1.6165
cluster3	chr5	11	1482	1503	right	9.5457	7.5078	1.6165
cluster3	chr5	12	1503	1525	left	-9.5457	-7.5078	1.6165
cluster3	chr5	12	1503	1525	right	-7.4884	-5.8897	1.6165
cluster3	chr5	13	1525	1610	left	7.4884	5.8897	1.6165
cluster3	chr5	13	1525	1610	right	-4.9083	-3.8605	1.6165
cluster3	chr5	14	1610	1632	left	4.9083	3.8605	1.6165
cluster3	chr5	14	1610	1632	right	5.4808	4.3107	1.6165
cluster4	chr5	2	1037	1090	left	-4.4692	-3.6888	1.4678
cluster4	chr5	2	1037	1090	right	-11.2327	-9.2714	1.4678
cluster4	chr5	4	1414	1503	left	-6.735	-5.559	1.4678
cluster4	chr5	4	1414	1503	right	6.9186	5.7106	1.4678
cluster4	chr5	5	1503	1525	left	-6.9186	-5.7106	1.4678
cluster4	chr5	5	1503	1525	right	-8.2557	-6.8143	1.4678
cluster0	chr7	1	79	104	left	-5.0294	-4.4914	1.2539
cluster0	chr7	1	79	104	right	-8.2902	-7.4035	1.2539
cluster0	chr7	4	509	529	left	-7.1213	-6.3596	1.2539
cluster0	chr7	4	509	529	right	-5.5294	-4.9379	1.2539
cluster0	chr7	5	529	598	left	5.5294	4.9379	1.2539
cluster0	chr7	5	529	598	right	8.454	7.5497	1.2539
cluster0	chr7	6	598	625	left	-8.454	-7.5497	1.2539
cluster0	chr7	6	598	625	right	-3.578	-3.1953	1.2539
cluster0	chr7	7	625	658	left	3.578	3.1953	1.2539
cluster0	chr7	7	625	658	right	-6.6132	-5.9059	1.2539
cluster0	chr7	8	658	714	left	6.6132	5.9059	1.2539
cluster0	chr7	8	658	714	right	-5.694	-5.0849	1.2539
cluster0	chr7	9	714	774	left	5.694	5.0849	1.2539
cluster0	chr7	9	714	774	right	7.1774	6.4097	1.2539
cluster0	chr7	10	774	823	left	-7.1774	-6.4097	1.2539
cluster0	chr7	10	774	823	right	-4.1123	-3.6724	1.2539
cluster0	chr7	12	1369	1392	left	-7.6994	-6.8759	1.2539
cluster0	chr7	12	1369	1392	right	-4.3713	-3.9037	1.2539
cluster1	chr7	1	79	104	left	-5.2898	-4.586	1.3305
cluster1	chr7	1	79	104	right	-8.5336	-7.3983	1.3305
cluster1	chr7	4	509	529	left	-7.2548	-6.2896	1.3305
cluster1	chr7	4	509	529	right	-5.5565	-4.8173	1.3305
cluster1	chr7	5	529	598	left	5.5565	4.8173	1.3305
cluster1	chr7	5	529	598	right	8.5917	7.4486	1.3305
cluster1	chr7	6	598	624	left	-8.5917	-7.4486	1.3305
cluster1	chr7	6	598	624	right	-3.6587	-3.172	1.3305
cluster1	chr7	7	624	658	left	3.6587	3.172	1.3305
cluster1	chr7	7	624	658	right	-7.115	-6.1685	1.3305
cluster1	chr7	8	658	714	left	7.115	6.1685	1.3305
cluster1	chr7	8	658	714	right	-5.4227	-4.7013	1.3305
cluster1	chr7	9	714	774	left	5.4227	4.7013	1.3305
cluster1	chr7	9	714	774	right	4.4675	3.8731	1.3305
cluster1	chr7	10	774	802	left	-4.4675	-3.8731	1.3305
cluster1	chr7	10	774	802	right	2.6918	2.3337	1.3305
cluster1	chr7	11	802	823	left	-2.6918	-2.3337	1.3305
cluster1	chr7	11	802	823	right	-5.0282	-4.3592	1.3305
cluster2	chr7	1	79	103	left	-4.5412	-4.9605	0.8381
cluster2	chr7	1	79	103	right	-7.3105	-7.9855	0.8381
cluster2	chr7	4	509	529	left	-6.5187	-7.1205	0.8381
cluster2	chr7	4	509	529	right	-4.6306	-5.0582	0.8381
cluster2	chr7	5	529	598	left	4.6306	5.0582	0.8381
cluster2	chr7	5	529	598	right	7.5819	8.2819	0.8381
cluster2	chr7	6	598	625	left	-7.5819	-8.2819	0.8381
cluster2	chr7	6	598	625	right	-3.2121	-3.5086	0.8381
cluster2	chr7	7	625	657	left	3.2121	3.5086	0.8381
cluster2	chr7	7	625	657	right	-5.8194	-6.3566	0.8381
cluster2	chr7	8	657	712	left	5.8194	6.3566	0.8381
cluster2	chr7	8	657	712	right	-4.6843	-5.1168	0.8381
cluster2	chr7	9	712	774	left	4.6843	5.1168	0.8381
cluster2	chr7	9	712	774	right	5.5273	6.0376	0.8381
cluster2	chr7	10	774	823	left	-5.5273	-6.0376	0.8381
cluster2	chr7	10	774	823	right	-3.471	-3.7914	0.8381
cluster3	chr7	1	79	104	left	-5.004	-4.3235	1.3395
cluster3	chr7	1	79	104	right	-8.4666	-7.3152	1.3395
cluster3	chr7	3	302	391	left	-7.8388	-6.7729	1.3395
cluster3	chr7	3	302	391	right	-3.7833	-3.2688	1.3395
cluster3	chr7	5	509	529	left	-7.4486	-6.4357	1.3395
cluster3	chr7	5	509	529	right	-5.1839	-4.479	1.3395
cluster3	chr7	6	529	598	left	5.1839	4.479	1.3395
cluster3	chr7	6	529	598	right	8.1272	7.0221	1.3395
cluster3	chr7	7	598	624	left	-8.1272	-7.0221	1.3395
cluster3	chr7	7	598	624	right	-3.1057	-2.6834	1.3395
cluster3	chr7	8	624	658	left	3.1057	2.6834	1.3395
cluster3	chr7	8	624	658	right	-7.5221	-6.4993	1.3395
cluster3	chr7	9	658	712	left	7.5221	6.4993	1.3395
cluster3	chr7	9	658	712	right	-5.9166	-5.1121	1.3395
cluster3	chr7	10	712	774	left	5.9166	5.1121	1.3395
cluster3	chr7	10	712	774	right	5.221	4.511	1.3395
cluster3	chr7	11	774	802	left	-5.221	-4.511	1.3395
cluster3	chr7	11	774	802	right	2.4964	2.1569	1.3395
cluster3	chr7	12	802	823	left	-2.4964	-2.1569	1.3395
cluster3	chr7	12	802	823	right	-4.7847	-4.1341	1.3395
cluster3	chr7	14	1209	1232	left	3.6985	3.1956	1.3395
cluster3	chr7	14	1209	1232	right	5.9627	5.1519	1.3395
cluster4	chr7	1	79	104	left	-6.4716	-6.057	1.1416
cluster4	chr7	1	79	104	right	-9.511	-8.9017	1.1416
cluster4	chr7	4	509	529	left	-7.0152	-6.5657	1.1416
cluster4	chr7	4	509	529	right	-5.133	-4.8042	1.1416
cluster4	chr7	5	529	598	left	5.133	4.8042	1.1416
cluster4	chr7	5	529	598	right	8.2801	7.7496	1.1416
cluster4	chr7	6	598	624	left	-8.2801	-7.7496	1.1416
cluster4	chr7	6	598	624	right	-4.0389	-3.7802	1.1416
cluster4	chr7	7	624	658	left	4.0389	3.7802	1.1416
cluster4	chr7	7	624	658	right	-6.312	-5.9076	1.1416
cluster4	chr7	8	658	712	left	6.312	5.9076	1.1416
cluster4	chr7	8	658	712	right	-5.0384	-4.7156	1.1416
cluster4	chr7	9	712	774	left	5.0384	4.7156	1.1416
cluster4	chr7	9	712	774	right	6.5519	6.1321	1.1416
cluster4	chr7	10	774	823	left	-6.5519	-6.1321	1.1416
cluster4	chr7	10	774	823	right	-4.3725	-4.0923	1.1416
cluster4	chr7	13	1366	1392	left	-6.5379	-6.119	1.1416
cluster4	chr7	13	1366	1392	right	-5.258	-4.9211	1.1416
cluster0	chr8	2	875	934	left	4.9168	4.0302	1.4883
cluster0	chr8	2	875	934	right	3.6696	3.0079	1.4883
cluster0	chr8	5	1239	1285	left	-13.372	-10.9609	1.4883
cluster0	chr8	5	1239	1285	right	-8.7609	-7.1812	1.4883
cluster1	chr8	2	875	934	left	4.7649	3.7776	1.591
cluster1	chr8	2	875	934	right	3.7731	2.9913	1.591
cluster1	chr8	5	1239	1285	left	-13.7596	-10.9086	1.591
cluster1	chr8	5	1239	1285	right	-9.0344	-7.1625	1.591
cluster2	chr8	3	995	1048	left	-3.1633	-3.1986	0.978
cluster2	chr8	3	995	1048	right	-8.3249	-8.4178	0.978
cluster2	chr8	5	1239	1259	left	-5.2755	-5.3344	0.978
cluster2	chr8	5	1239	1259	right	5.7082	5.7719	0.978
cluster2	chr8	6	1259	1285	left	-5.7082	-5.7719	0.978
cluster2	chr8	6	1259	1285	right	-9.7	-9.8083	0.978
cluster3	chr8	2	876	916	left	5.4562	4.233	1.6615
cluster3	chr8	2	876	916	right	3.2781	2.5432	1.6615
cluster3	chr8	5	1239	1285	left	-14.5386	-11.2791	1.6615
cluster3	chr8	5	1239	1285	right	-9.9836	-7.7454	1.6615
cluster4	chr8	2	396	416	left	-5.3603	-3.8927	1.8961
cluster4	chr8	2	396	416	right	-10.6256	-7.7165	1.8961
cluster4	chr8	4	565	589	left	-8.6349	-6.2708	1.8961
cluster4	chr8	4	565	589	right	-7.8781	-5.7212	1.8961
cluster4	chr8	5	589	675	left	7.8781	5.7212	1.8961
cluster4	chr8	5	589	675	right	6.2763	4.5579	1.8961
cluster4	chr8	6	675	700	left	-6.2763	-4.5579	1.8961
cluster4	chr8	6	675	700	right	-8.5467	-6.2068	1.8961
cluster4	chr8	8	1239	1259	left	-6.9829	-5.0711	1.8961
cluster4	chr8	8	1239	1259	right	6.8376	4.9656	1.8961
cluster4	chr8	9	1259	1285	left	-6.8376	-4.9656	1.8961
cluster4	chr8	9	1259	1285	right	-12.5006	-9.0781	1.8961
cluster0	chr9	1	192	218	left	-4.4438	-3.8397	1.3394
cluster0	chr9	1	192	218	right	-5.6217	-4.8575	1.3394
cluster0	chr9	3	660	689	left	-6.4351	-5.5603	1.3394
cluster0	chr9	3	660	689	right	-2.9024	-2.5078	1.3394
cluster0	chr9	4	689	721	left	2.9024	2.5078	1.3394
cluster0	chr9	4	689	721	right	-5.2218	-4.512	1.3394
cluster0	chr9	5	721	816	left	5.2218	4.512	1.3394
cluster0	chr9	5	721	816	right	7.2426	6.258	1.3394
cluster0	chr9	6	816	856	left	-7.2426	-6.258	1.3394
cluster0	chr9	6	816	856	right	-5.6503	-4.8822	1.3394
cluster1	chr9	1	72	94	left	-8.2054	-6.701	1.4994
cluster1	chr9	1	72	94	right	-8.1423	-6.6495	1.4994
cluster1	chr9	2	94	194	left	8.1423	6.6495	1.4994
cluster1	chr9	2	94	194	right	4.4936	3.6698	1.4994
cluster1	chr9	3	194	218	left	-4.4936	-3.6698	1.4994
cluster1	chr9	3	194	218	right	-5.1897	-4.2382	1.4994
cluster2	chr9	1	71	94	left	-7.3981	-7.7487	0.9116
cluster2	chr9	1	71	94	right	-7.336	-7.6837	0.9116
cluster2	chr9	2	94	178	left	7.336	7.6837	0.9116
cluster2	chr9	2	94	178	right	4.7064	4.9294	0.9116
cluster2	chr9	3	178	218	left	-4.7064	-4.9294	0.9116
cluster2	chr9	3	178	218	right	-5.6234	-5.8898	0.9116
cluster3	chr9	1	194	218	left	-4.1593	-3.4414	1.4608
cluster3	chr9	1	194	218	right	-4.1249	-3.4129	1.4608
cluster3	chr9	2	218	276	left	4.1249	3.4129	1.4608
cluster3	chr9	2	218	276	right	-4.1584	-3.4406	1.4608
cluster3	chr9	3	276	331	left	4.1584	3.4406	1.4608
cluster3	chr9	3	276	331	right	6.0409	4.9982	1.4608
cluster3	chr9	4	331	355	left	-6.0409	-4.9982	1.4608
cluster3	chr9	4	331	355	right	-3.88	-3.2103	1.4608
cluster3	chr9	6	660	690	left	-6.3266	-5.2345	1.4608
cluster3	chr9	6	660	690	right	-2.5987	-2.1502	1.4608
cluster3	chr9	7	690	721	left	2.5987	2.1502	1.4608
cluster3	chr9	7	690	721	right	-5.7794	-4.7818	1.4608
cluster3	chr9	8	721	816	left	5.7794	4.7818	1.4608
cluster3	chr9	8	721	816	right	8.1037	6.7049	1.4608
cluster3	chr9	9	816	856	left	-8.1037	-6.7049	1.4608
cluster3	chr9	9	816	856	right	-6.6842	-5.5304	1.4608
cluster4	chr9	1	164	219	left	-4.3341	-3.7677	1.3232
cluster4	chr9	1	164	219	right	-5.876	-5.1082	1.3232
cluster2	chr13	1	51	100	left	1.4323	1.596	0.8054
cluster2	chr13	1	51	100	right	-3.2572	-3.6294	0.8054
cluster2	chr13	3	333	353	left	-6.1743	-6.8798	0.8054
cluster2	chr13	3	333	353	right	-2.2508	-2.508	0.8054
cluster2	chr13	4	353	396	left	2.2508	2.508	0.8054
cluster2	chr13	4	353	396	right	-5.1347	-5.7213	0.8054
cluster3	chr13	3	325	350	left	-7.3939	-6.6418	1.2393
cluster3	chr13	3	325	350	right	-1.6642	-1.495	1.2393
cluster3	chr13	4	350	395	left	1.6642	1.495	1.2393
cluster3	chr13	4	350	395	right	-5.303	-4.7636	1.2393
