source	chromosome	orig_seg_left	orig_seg_right	boundary_bin	len_left	len_right	median_left	median_right	delta_obs	frac_under_tau	n_valid	eligible	candidate	guard_range	reason
cluster0	chr1	0	1	50	50	406	0.6037841419196037	4.0279946482960005	-2.737956995724371	0.0	200	False	False	2.737956995724371	terminal_unchanged
cluster0	chr1	1	2	456	406	218	4.0279946482960005	3.3332623350334645	0.2731269013714211	0.0	200	False	False	0.27312690137142104	long_long_not_candidate
cluster0	chr1	2	3	674	218	89	3.3332623350334645	2.3893460313747314	0.4803190613562569	0.0	200	False	True	0.4803190613562569	effect_ge_tau
cluster0	chr1	3	4	763	89	420	2.3893460313747314	3.5414938795004938	-0.5677422451735691	0.0	200	False	True	0.567742245173569	effect_ge_tau
cluster0	chr1	4	5	1183	420	62	3.5414938795004938	2.2357195263479426	0.6636188372498276	0.0	200	False	True	0.6636188372498275	effect_ge_tau
cluster0	chr1	5	6	1245	62	70	2.2357195263479426	9.907111852790697	-2.147725328727034	0.0	200	False	True	2.147725328727034	effect_ge_tau
cluster0	chr1	6	7	1315	70	99	9.907111852790697	5.6648865186376325	0.8064174847966395	0.0	200	False	True	0.8064174847966394	effect_ge_tau
cluster0	chr1	7	8	1414	99	690	5.6648865186376325	7.506980875335675	-0.4061857519464878	0.0	200	False	True	0.40618575194648754	effect_ge_tau
cluster0	chr1	8	9	2104	690	128	7.506980875335675	4.758238685875046	0.6578051646261428	0.0	200	False	False	0.6578051646261427	terminal_unchanged
cluster1	chr1	0	1	50	50	406	0.4892252027990761	4.030035558141911	-3.0422219357180618	0.0	200	False	False	3.0422219357180618	terminal_unchanged
cluster1	chr1	1	2	456	406	218	4.030035558141911	3.2982773321975007	0.289079856736937	0.0	200	False	False	0.28907985673693704	long_long_not_candidate
cluster1	chr1	2	3	674	218	89	3.2982773321975007	2.43014850537622	0.440668232352398	0.0	200	False	True	0.44066823235239827	effect_ge_tau
cluster1	chr1	3	4	763	89	420	2.43014850537622	3.5203062450885034	-0.5346564609310787	0.0	200	False	True	0.5346564609310787	effect_ge_tau
cluster1	chr1	4	5	1183	420	62	3.5203062450885034	2.105507423498536	0.7415329778549964	0.0	200	False	True	0.7415329778549964	effect_ge_tau
cluster1	chr1	5	6	1245	62	70	2.105507423498536	10.003573609529289	-2.2482756035609355	0.0	200	False	True	2.2482756035609355	effect_ge_tau
cluster1	chr1	6	7	1315	70	99	10.003573609529289	5.41980415957326	0.884202843810127	0.0	200	False	True	0.8842028438101273	effect_ge_tau
cluster1	chr1	7	8	1414	99	690	5.41980415957326	7.485520300862326	-0.46586187624600706	0.0	200	False	True	0.46586187624600717	effect_ge_tau
cluster1	chr1	8	9	2104	690	128	7.485520300862326	4.773030072612447	0.6491971719386533	0.0	200	False	False	0.6491971719386531	terminal_unchanged
cluster2	chr1	0	1	50	50	406	0.773925716420361	4.051523257988425	-2.388197418284571	0.0	200	False	False	2.388197418284571	terminal_unchanged
cluster2	chr1	1	2	456	406	307	4.051523257988425	3.226286880336932	0.3285896943088358	0.0	200	False	False	0.3285896943088358	long_long_not_candidate
cluster2	chr1	2	3	763	307	420	3.226286880336932	3.7480884972361537	-0.21628028915055142	0.5	200	False	False	0.21628028915055153	long_long_not_candidate
cluster2	chr1	3	4	1183	420	62	3.7480884972361537	2.337194585420308	0.6813771651952015	0.0	200	False	True	0.6813771651952016	effect_ge_tau
cluster2	chr1	4	5	1245	62	70	2.337194585420308	9.822971084278063	-2.071381600157259	0.0	200	False	True	2.0713816001572587	effect_ge_tau
cluster2	chr1	5	6	1315	70	99	9.822971084278063	6.529534316698681	0.5891793491522904	0.0	200	False	True	0.5891793491522903	effect_ge_tau
cluster2	chr1	6	7	1414	99	690	6.529534316698681	7.760271084306273	-0.2491269468715001	0.0	200	False	True	0.24912694687150028	effect_ge_tau
cluster2	chr1	7	8	2104	690	128	7.760271084306273	5.478648286645577	0.5022870602108158	0.0	200	False	False	0.5022870602108158	terminal_unchanged
cluster3	chr1	0	1	50	50	413	0.6921546973329666	4.128936383974652	-2.5766037676227427	0.0	200	False	False	2.5766037676227427	terminal_unchanged
cluster3	chr1	1	2	463	413	30	4.128936383974652	1.9422486639657828	1.0880422713124032	0.0	200	False	True	1.0880422713124034	effect_ge_tau
cluster3	chr1	2	3	493	30	333	1.9422486639657828	3.035948616824083	-0.644419454221899	0.0	200	False	True	0.6444194542218992	effect_ge_tau
cluster3	chr1	3	4	826	333	357	3.035948616824083	3.6389096154875644	-0.2613588439921807	0.005	200	False	False	0.26135884399218057	long_long_not_candidate
cluster3	chr1	4	5	1183	357	62	3.6389096154875644	2.1096466231419715	0.7865048572647915	0.0	200	False	True	0.7865048572647915	effect_ge_tau
cluster3	chr1	5	6	1245	62	70	2.1096466231419715	10.64862090688622	-2.3355933351318225	0.0	200	False	True	2.3355933351318225	effect_ge_tau
cluster3	chr1	6	7	1315	70	21	10.64862090688622	4.147316270800269	1.3604166251946097	0.0	200	False	True	1.3604166251946097	effect_ge_tau
cluster3	chr1	7	8	1336	21	44	4.147316270800269	7.02530167373682	-0.7603821073524323	0.0	200	False	True	0.7603821073524322	effect_ge_tau
cluster3	chr1	8	9	1380	44	34	7.02530167373682	3.906394840752388	0.8467223997890175	0.0	200	False	True	0.8467223997890176	effect_ge_tau
cluster3	chr1	9	10	1414	34	690	3.906394840752388	7.474390649394281	-0.9361181905209713	0.0	200	False	True	0.9361181905209714	effect_ge_tau
cluster3	chr1	10	11	2104	690	128	7.474390649394281	4.45500714094689	0.7465282239662377	0.0	200	False	False	0.7465282239662376	terminal_unchanged
cluster4	chr1	0	1	50	50	406	1.0972066983124007	3.9570530412029674	-1.8505910688374596	0.0	200	False	False	1.8505910688374596	terminal_unchanged
cluster4	chr1	1	2	456	406	37	3.9570530412029674	2.197364519859346	0.848652185962546	0.0	200	False	True	0.848652185962546	effect_ge_tau
cluster4	chr1	2	3	493	37	690	2.197364519859346	3.2208189082955796	-0.5516533292751692	0.0	200	False	True	0.5516533292751693	effect_ge_tau
cluster4	chr1	3	4	1183	690	62	3.2208189082955796	2.1595859848053616	0.5766727877664903	0.0	200	False	True	0.5766727877664906	effect_ge_tau
cluster4	chr1	4	5	1245	62	70	2.1595859848053616	9.590174518278182	-2.1508023099016804	0.0	200	False	True	2.15080230990168	effect_ge_tau
cluster4	chr1	5	6	1315	70	65	9.590174518278182	5.7996284873135915	0.7255965820673023	0.0	200	False	True	0.7255965820673023	effect_ge_tau
cluster4	chr1	6	7	1380	65	34	5.7996284873135915	3.2531132534065046	0.834139437993688	0.0	200	False	True	0.8341394379936877	effect_ge_tau
cluster4	chr1	7	8	1414	34	690	3.2531132534065046	7.422509041117081	-1.1900858964865744	0.0	200	False	True	1.1900858964865744	effect_ge_tau
cluster4	chr1	8	9	2104	690	128	7.422509041117081	4.742781892832096	0.6461734210475719	0.0	200	False	False	0.646173421047572	terminal_unchanged
cluster0	chr2	0	1	81	81	44	1.753125721081005	4.367188517220911	-1.3167753497620258	0.0	200	False	False	1.3167753497620254	terminal_unchanged
cluster0	chr2	1	2	125	44	199	4.367188517220911	3.3495851589989543	0.3827223778221879	0.0	200	False	True	0.38272237782218776	effect_ge_tau
cluster0	chr2	2	3	324	199	25	3.3495851589989543	1.46130629460215	1.1967238275992529	0.0	200	False	True	1.1967238275992529	effect_ge_tau
cluster0	chr2	3	4	349	25	33	1.46130629460215	4.9239736079460545	-1.7525644256685455	0.0	200	False	True	1.7525644256685453	effect_ge_tau
cluster0	chr2	4	5	382	33	362	4.9239736079460545	3.839740362824466	0.3588142676423002	0.0	200	False	True	0.35881426764230007	effect_ge_tau
cluster0	chr2	5	6	744	362	22	3.839740362824466	1.1251747445119413	1.770859685853601	0.0	200	False	True	1.7708596858536008	effect_ge_tau
cluster0	chr2	6	7	766	22	144	1.1251747445119413	3.247478414893868	-1.5291708608712768	0.0	200	False	True	1.5291708608712766	effect_ge_tau
cluster0	chr2	7	8	910	144	46	3.247478414893868	1.5218243051448448	1.0935181274171053	0.0	200	False	True	1.0935181274171053	effect_ge_tau
cluster0	chr2	8	9	956	46	278	1.5218243051448448	2.5163627644872726	-0.7255381102695941	0.0	200	False	True	0.7255381102695942	effect_ge_tau
cluster0	chr2	9	10	1234	278	932	2.5163627644872726	3.5452835262805653	-0.49456108909696683	0.0	200	False	False	0.4945610890969667	long_long_not_candidate
cluster0	chr2	10	11	2166	932	59	3.5452835262805653	3.197649495680194	0.14888919926462385	0.995	200	False	False	0.14888919926462396	terminal_unchanged
cluster1	chr2	0	1	81	81	60	1.6207499558394698	4.077914001243327	-1.3311698172015978	0.0	200	False	False	1.3311698172015975	terminal_unchanged
cluster1	chr2	1	2	141	60	183	4.077914001243327	3.0758241259703634	0.40685833770784774	0.0	200	False	True	0.40685833770784763	effect_ge_tau
cluster1	chr2	2	3	324	183	25	3.0758241259703634	1.4333572747829861	1.1015747563895208	0.0	200	False	True	1.101574756389521	effect_ge_tau
cluster1	chr2	3	4	349	25	33	1.4333572747829861	4.849346433700496	-1.7583920657622443	0.0	200	False	True	1.7583920657622443	effect_ge_tau
cluster1	chr2	4	5	382	33	362	4.849346433700496	3.6099607006865115	0.4258071909683208	0.0	200	False	True	0.42580719096832076	effect_ge_tau
cluster1	chr2	5	6	744	362	21	3.6099607006865115	1.0588029937209136	1.7695489523964167	0.0	200	False	True	1.7695489523964167	effect_ge_tau
cluster1	chr2	6	7	765	21	145	1.0588029937209136	3.241312326096626	-1.6141438633282301	0.0	200	False	True	1.6141438633282301	effect_ge_tau
cluster1	chr2	7	8	910	145	233	3.241312326096626	2.060404582475026	0.6536503886135988	0.0	200	False	False	0.6536503886135987	long_long_not_candidate
cluster1	chr2	8	9	1143	233	91	2.060404582475026	2.5513308605239136	-0.3083223481663517	0.0	200	False	True	0.30832234816635173	effect_ge_tau
cluster1	chr2	9	10	1234	91	932	2.5513308605239136	3.494319617697964	-0.4537615724269582	0.0	200	False	True	0.45376157242695814	effect_ge_tau
cluster1	chr2	10	11	2166	932	59	3.494319617697964	3.211044301616529	0.12196900487665381	1.0	200	False	False	0.12196900487665374	terminal_unchanged
cluster2	chr2	0	1	83	83	661	2.142994194976326	3.7877712463751516	-0.8217212632364733	0.0	200	False	False	0.8217212632364734	terminal_unchanged
cluster2	chr2	1	2	744	661	21	3.7877712463751516	1.2719386563497874	1.5743201118980077	0.0	200	False	True	1.5743201118980077	effect_ge_tau
cluster2	chr2	2	3	765	21	145	1.2719386563497874	3.485281649410437	-1.4542461532326678	0.0	200	False	True	1.454246153232668	effect_ge_tau
cluster2	chr2	3	4	910	145	322	3.485281649410437	2.7206290163026305	0.35733500178449223	0.0	200	False	False	0.3573350017844923	long_long_not_candidate
cluster2	chr2	4	5	1232	322	895	2.7206290163026305	3.662717965464873	-0.42897437095698676	0.0	200	False	False	0.4289743709569869	long_long_not_candidate
cluster2	chr2	5	6	2127	895	98	3.662717965464873	3.371930012343949	0.11934002367129151	1.0	200	False	False	0.1193400236712916	terminal_unchanged
cluster3	chr2	0	1	81	81	44	1.3593047640792337	4.503413647930659	-1.728150045274026	0.0	200	False	False	1.7281500452740262	terminal_unchanged
cluster3	chr2	1	2	125	44	77	4.503413647930659	3.0058188148809624	0.5832609493880314	0.0	200	False	True	0.5832609493880316	effect_ge_tau
cluster3	chr2	2	3	202	77	21	3.0058188148809624	0.6417221623456845	2.227737335195861	0.0	200	False	True	2.227737335195861	effect_ge_tau
cluster3	chr2	3	4	223	21	521	0.6417221623456845	3.628720155603399	-2.499440087731441	0.0	200	False	True	2.4994400877314407	effect_ge_tau
cluster3	chr2	4	5	744	521	22	3.628720155603399	0.971020162357601	1.9018876441312464	0.0	200	False	True	1.9018876441312464	effect_ge_tau
cluster3	chr2	5	6	766	22	123	0.971020162357601	2.8758669285470133	-1.5664237639395346	0.0	200	False	True	1.5664237639395344	effect_ge_tau
cluster3	chr2	6	7	889	123	21	2.8758669285470133	4.879052417456787	-0.7626040614827299	0.0	200	False	True	0.7626040614827299	effect_ge_tau
cluster3	chr2	7	8	910	21	52	4.879052417456787	1.3944012861173922	1.806955177513595	0.0	200	False	True	1.8069551775135948	effect_ge_tau
cluster3	chr2	8	9	962	52	253	1.3944012861173922	2.24516702804053	-0.6871769722731007	0.0	200	False	True	0.6871769722731005	effect_ge_tau
cluster3	chr2	9	10	1215	253	948	2.24516702804053	3.5210231334945856	-0.6491719283804808	0.0	200	False	False	0.6491719283804807	long_long_not_candidate
cluster3	chr2	10	11	2163	948	62	3.5210231334945856	2.995211508436515	0.23333682261065472	0.185	200	False	False	0.23333682261065491	terminal_unchanged
cluster4	chr2	0	1	83	83	42	1.9847368757144495	4.544517897542633	-1.1951794987443607	0.0	200	False	False	1.195179498744361	terminal_unchanged
cluster4	chr2	1	2	125	42	780	4.544517897542633	3.312022468872206	0.4564147949357757	0.0	200	False	True	0.45641479493577575	effect_ge_tau
cluster4	chr2	2	3	905	780	327	3.312022468872206	2.309421105022629	0.5201811988148137	0.0	200	False	False	0.5201811988148137	long_long_not_candidate
cluster4	chr2	3	4	1232	327	934	2.309421105022629	3.4590070222221936	-0.5828266812199338	0.0	200	False	False	0.5828266812199336	long_long_not_candidate
cluster4	chr2	4	5	2166	934	59	3.4590070222221936	3.0724009734824467	0.1709914307060357	0.89	200	False	False	0.17099143070603562	terminal_unchanged
cluster0	chr5	0	1	50	50	24	1.4799385771611235	0.5864585146658579	1.3354363374482345	0.0	200	False	False	1.3354363374482345	terminal_unchanged
cluster0	chr5	1	2	74	24	60	0.5864585146658579	2.6529696834702228	-2.1775072268642033	0.0	200	False	True	2.1775072268642033	effect_ge_tau
cluster0	chr5	2	3	134	60	20	2.6529696834702228	0.6241384412054173	2.0876702130881086	0.0	200	False	True	2.0876702130881086	effect_ge_tau
cluster0	chr5	3	4	154	20	855	0.6241384412054173	3.349977538866353	-2.42421344620509	0.0	200	False	True	2.42421344620509	effect_ge_tau
cluster0	chr5	4	5	1009	855	28	3.349977538866353	5.143622093259253	-0.6186332278681826	0.0	200	False	True	0.618633227868183	effect_ge_tau
cluster0	chr5	5	6	1037	28	52	5.143622093259253	2.258891742315745	1.1871695193634457	0.0	200	False	True	1.1871695193634457	effect_ge_tau
cluster0	chr5	6	7	1089	52	324	2.258891742315745	5.917887221729844	-1.3894670720499593	0.0	200	False	True	1.3894670720499593	effect_ge_tau
cluster0	chr5	7	8	1413	324	282	5.917887221729844	4.0416424309629075	0.5501405127149555	0.0	200	False	False	0.5501405127149557	terminal_unchanged
cluster1	chr5	0	1	50	50	24	1.3059791288708813	0.4657188526436056	1.4876006512382391	0.0	200	False	False	1.4876006512382391	terminal_unchanged
cluster1	chr5	1	2	74	24	60	0.4657188526436056	2.566494876732607	-2.4622681908112094	0.0	200	False	True	2.4622681908112094	effect_ge_tau
cluster1	chr5	2	3	134	60	20	2.566494876732607	0.5462941683535356	2.2320494530496644	0.0	200	False	True	2.2320494530496644	effect_ge_tau
cluster1	chr5	3	4	154	20	883	0.5462941683535356	3.418282459600797	-2.645521687175236	0.0	200	False	True	2.645521687175236	effect_ge_tau
cluster1	chr5	4	5	1037	883	52	3.418282459600797	2.1907283827917494	0.6418609917159067	0.0	200	False	True	0.6418609917159066	effect_ge_tau
cluster1	chr5	5	6	1089	52	325	2.1907283827917494	5.815099407938156	-1.408393231450588	0.0	200	False	True	1.408393231450588	effect_ge_tau
cluster1	chr5	6	7	1414	325	30	5.815099407938156	3.6860673362768703	0.6577214284379612	0.0	200	False	True	0.6577214284379611	effect_ge_tau
cluster1	chr5	7	8	1444	30	20	3.6860673362768703	1.5760891982296235	1.2257332401110745	0.0	200	False	True	1.2257332401110745	effect_ge_tau
cluster1	chr5	8	9	1464	20	39	1.5760891982296235	4.6883085540389455	-1.5727183357706556	0.0	200	False	True	1.5727183357706558	effect_ge_tau
cluster1	chr5	9	10	1503	39	22	4.6883085540389455	1.011402835558314	2.2127097934002524	0.0	200	False	True	2.2127097934002524	effect_ge_tau
cluster1	chr5	10	11	1525	22	107	1.011402835558314	4.5390254642706065	-2.1660248536169475	0.0	200	False	True	2.1660248536169475	effect_ge_tau
cluster1	chr5	11	12	1632	107	63	4.5390254642706065	3.6241677675647654	0.3247328407154222	0.0	200	False	False	0.3247328407154222	terminal_unchanged
cluster2	chr5	0	1	50	50	24	1.8485887204275884	0.8683470216146432	1.090080671275721	0.0	200	False	False	1.0900806712757212	terminal_unchanged
cluster2	chr5	1	2	74	24	60	0.8683470216146432	2.932976282834905	-1.7560217909198517	0.0	200	False	True	1.7560217909198519	effect_ge_tau
cluster2	chr5	2	3	134	60	20	2.932976282834905	0.8841397727498559	1.7300190380210119	0.0	200	False	True	1.730019038021012	effect_ge_tau
cluster2	chr5	3	4	154	20	855	0.8841397727498559	3.503163172715192	-1.9863118215966218	0.0	200	False	True	1.9863118215966216	effect_ge_tau
cluster2	chr5	4	5	1009	855	28	3.503163172715192	5.388450825857085	-0.6212123706947732	0.0	200	False	True	0.6212123706947732	effect_ge_tau
cluster2	chr5	5	6	1037	28	53	5.388450825857085	2.6830962728986716	1.005971737974188	0.0	200	False	True	1.005971737974188	effect_ge_tau
cluster2	chr5	6	7	1090	53	324	2.6830962728986716	6.036190747070972	-1.1697395753154565	0.0	200	False	True	1.1697395753154562	effect_ge_tau
cluster2	chr5	7	8	1414	324	30	6.036190747070972	4.324311691687123	0.4811678818601754	0.0	200	False	True	0.48116788186017523	effect_ge_tau
cluster2	chr5	8	9	1444	30	20	4.324311691687123	2.0299005317971823	1.0910614798123197	0.0	200	False	True	1.09106147981232	effect_ge_tau
cluster2	chr5	9	10	1464	20	39	2.0299005317971823	5.518213185487909	-1.4427921586001902	0.0	200	False	True	1.4427921586001902	effect_ge_tau
cluster2	chr5	10	11	1503	39	22	5.518213185487909	1.2198793458875763	2.1774627307087653	0.0	200	False	True	2.1774627307087653	effect_ge_tau
cluster2	chr5	11	12	1525	22	107	1.2198793458875763	5.08076412832749	-2.0583070265784924	0.0	200	False	True	2.0583070265784924	effect_ge_tau
cluster2	chr5	12	13	1632	107	63	5.08076412832749	4.140285619144334	0.2953151933566863	0.0	200	False	False	0.2953151933566862	terminal_unchanged
cluster3	chr5	0	1	50	50	24	1.2879421026878863	0.6155307194422719	1.0651649763814484	0.0	200	False	False	1.0651649763814484	terminal_unchanged
cluster3	chr5	1	2	74	24	80	0.6155307194422719	2.2877145862659907	-1.8940043091258913	0.0	200	False	True	1.8940043091258913	effect_ge_tau
cluster3	chr5	2	3	154	80	191	2.2877145862659907	3.120501790716228	-0.4478709659109066	0.0	200	False	True	0.4478709659109066	effect_ge_tau
cluster3	chr5	3	4	345	191	59	3.120501790716228	3.9429226328874107	-0.3374873629058405	0.0	200	False	True	0.33748736290584036	effect_ge_tau
cluster3	chr5	4	5	404	59	47	3.9429226328874107	2.3743760877595337	0.7317169346720743	0.0	200	False	True	0.7317169346720742	effect_ge_tau
cluster3	chr5	5	6	451	47	587	2.3743760877595337	3.5438973900830124	-0.577788364917081	0.0	200	False	True	0.577788364917081	effect_ge_tau
cluster3	chr5	6	7	1038	587	52	3.5438973900830124	1.945874567761964	0.8649181166099542	0.0	200	False	True	0.8649181166099542	effect_ge_tau
cluster3	chr5	7	8	1090	52	292	1.945874567761964	5.477065914997754	-1.492984526781805	0.0	200	False	True	1.492984526781805	effect_ge_tau
cluster3	chr5	8	9	1382	292	32	5.477065914997754	8.097232793378549	-0.5640257123236657	0.0	200	False	True	0.5640257123236658	effect_ge_tau
cluster3	chr5	9	10	1414	32	68	8.097232793378549	2.907058293089313	1.47786895417624	0.0	200	False	True	1.47786895417624	effect_ge_tau
cluster3	chr5	10	11	1482	68	21	2.907058293089313	5.250972451992386	-0.8530246258609355	0.0	200	False	True	0.8530246258609353	effect_ge_tau
cluster3	chr5	11	12	1503	21	22	5.250972451992386	1.203473531613012	2.125380214424045	0.0	200	False	True	2.125380214424045	effect_ge_tau
cluster3	chr5	12	13	1525	22	85	1.203473531613012	3.8407713743989165	-1.6741916761209115	0.0	200	False	True	1.6741916761209112	effect_ge_tau
cluster3	chr5	13	14	1610	85	22	3.8407713743989165	6.707166238909226	-0.8043072714599334	0.0	200	False	True	0.8043072714599333	effect_ge_tau
cluster3	chr5	14	15	1632	22	63	6.707166238909226	3.139851688634927	1.095006945268465	0.0	200	False	False	1.0950069452684648	terminal_unchanged
cluster4	chr5	0	1	154	154	883	1.9101835014581567	3.291922832373854	-0.7852192800367767	0.0	200	False	False	0.7852192800367767	terminal_unchanged
cluster4	chr5	1	2	1037	883	53	3.291922832373854	1.9897592881376491	0.7263366064512662	0.0	200	False	True	0.7263366064512662	effect_ge_tau
cluster4	chr5	2	3	1090	53	324	1.9897592881376491	5.672582951119985	-1.5114118900590192	0.0	200	False	True	1.511411890059019	effect_ge_tau
cluster4	chr5	3	4	1414	324	89	5.672582951119985	3.976240517261016	0.5126007746634114	0.0	200	False	True	0.5126007746634114	effect_ge_tau
cluster4	chr5	4	5	1503	89	22	3.976240517261016	1.196388588216628	1.7327189717052582	0.0	200	False	True	1.7327189717052582	effect_ge_tau
cluster4	chr5	5	6	1525	22	170	1.196388588216628	4.5130780185978505	-1.9154256645089012	0.0	200	False	False	1.9154256645089012	terminal_unchanged
cluster0	chr7	0	1	79	79	25	2.935645168976536	1.2134105841834781	1.27460979967467	0.0	200	False	False	1.2746097996746701	terminal_unchanged
cluster0	chr7	1	2	104	25	198	1.2134105841834781	4.229141781492867	-1.8012971266680236	0.0	200	False	True	1.8012971266680236	effect_ge_tau
cluster0	chr7	2	3	302	198	207	4.229141781492867	3.016047738687271	0.48770566327171255	0.0	200	False	False	0.4877056632717125	long_long_not_candidate
cluster0	chr7	3	4	509	207	20	3.016047738687271	0.7042875815408038	2.0984227145696597	0.0	200	False	True	2.0984227145696597	effect_ge_tau
cluster0	chr7	4	5	529	20	69	0.7042875815408038	2.916038850048676	-2.049773391130458	0.0	200	False	True	2.049773391130458	effect_ge_tau
cluster0	chr7	5	6	598	69	27	2.916038850048676	0.38112598037289397	2.935670079245746	0.0	200	False	True	2.935670079245746	effect_ge_tau
cluster0	chr7	6	7	625	27	33	0.38112598037289397	0.6349642909178755	-0.7364075036787032	0.0	200	False	True	0.736407503678703	effect_ge_tau
cluster0	chr7	7	8	658	33	56	0.6349642909178755	2.8615459828854437	-2.1720474250090285	0.0	200	False	True	2.172047425009029	effect_ge_tau
cluster0	chr7	8	9	714	56	60	2.8615459828854437	4.733780182911911	-0.7261979247687966	0.0	200	False	True	0.7261979247687969	effect_ge_tau
cluster0	chr7	9	10	774	60	49	4.733780182911911	2.0237413571045773	1.2259677957133002	0.0	200	False	True	1.2259677957133004	effect_ge_tau
cluster0	chr7	10	11	823	49	546	2.0237413571045773	3.4278220486296966	-0.7602672964199412	0.0	200	False	True	0.7602672964199413	effect_ge_tau
cluster0	chr7	11	12	1369	546	23	3.4278220486296966	1.046848094222554	1.711240104352971	0.0	200	False	True	1.711240104352971	effect_ge_tau
cluster0	chr7	12	13	1392	23	103	1.046848094222554	2.2845406024539123	-1.125851972143149	0.0	200	False	False	1.1258519721431488	terminal_unchanged
cluster1	chr7	0	1	79	79	25	3.036176255318419	1.0653388566950834	1.5109431567748197	0.0	200	False	False	1.51094315677482	terminal_unchanged
cluster1	chr7	1	2	104	25	198	1.0653388566950834	4.1924420605226045	-1.9764784585378214	0.0	200	False	True	1.9764784585378217	effect_ge_tau
cluster1	chr7	2	3	302	198	207	4.1924420605226045	2.965272581282832	0.4996261159786581	0.0	200	False	False	0.49962611597865836	long_long_not_candidate
cluster1	chr7	3	4	509	207	20	2.965272581282832	0.7358667504051937	2.0106482758343045	0.0	200	False	True	2.0106482758343045	effect_ge_tau
cluster1	chr7	4	5	529	20	69	0.7358667504051937	2.8332745925358216	-1.944953976105219	0.0	200	False	True	1.944953976105219	effect_ge_tau
cluster1	chr7	5	6	598	69	26	2.8332745925358216	0.31661376231453586	3.1616745583306787	0.0	200	False	True	3.1616745583306782	effect_ge_tau
cluster1	chr7	6	7	624	26	34	0.31661376231453586	0.5318927062757545	-0.7484112869873677	0.0	200	False	True	0.7484112869873677	effect_ge_tau
cluster1	chr7	7	8	658	34	56	0.5318927062757545	2.8138008708397138	-2.4033130756118304	0.0	200	False	True	2.4033130756118304	effect_ge_tau
cluster1	chr7	8	9	714	56	60	2.8138008708397138	4.597408173685432	-0.7083005247936657	0.0	200	False	True	0.708300524793666	effect_ge_tau
cluster1	chr7	9	10	774	60	28	4.597408173685432	2.5366921218495566	0.8578723290332582	0.0	200	False	True	0.8578723290332584	effect_ge_tau
cluster1	chr7	10	11	802	28	21	2.5366921218495566	1.5019542026868937	0.7561076070985742	0.0	200	False	True	0.7561076070985742	effect_ge_tau
cluster1	chr7	11	12	823	21	409	1.5019542026868937	3.573799650887497	-1.2506179352644444	0.0	200	False	True	1.2506179352644444	effect_ge_tau
cluster1	chr7	12	13	1232	409	137	3.573799650887497	2.8978963716188995	0.3024527531553961	0.0	200	False	False	0.3024527531553962	long_long_not_candidate
cluster1	chr7	13	14	1369	137	126	2.8978963716188995	1.7557961375141014	0.7228806594944077	0.0	200	False	False	0.7228806594944078	terminal_unchanged
cluster2	chr7	0	1	79	79	24	3.0373741729664756	1.3556882023760979	1.1637992363926826	0.0	200	False	False	1.1637992363926828	terminal_unchanged
cluster2	chr7	1	2	103	24	199	1.3556882023760979	4.060857521857391	-1.582759002031717	0.0	200	False	True	1.5827590020317173	effect_ge_tau
cluster2	chr7	2	3	302	199	207	4.060857521857391	3.224403113665018	0.33275228981132937	0.0	200	False	False	0.3327522898113293	long_long_not_candidate
cluster2	chr7	3	4	509	207	20	3.224403113665018	0.8898229453022046	1.8574419143613383	0.0	200	False	True	1.8574419143613383	effect_ge_tau
cluster2	chr7	4	5	529	20	69	0.8898229453022046	2.8462192023640025	-1.677456569731583	0.0	200	False	True	1.6774565697315833	effect_ge_tau
cluster2	chr7	5	6	598	69	27	2.8462192023640025	0.5401669281937486	2.3975695572736444	0.0	200	False	True	2.3975695572736444	effect_ge_tau
cluster2	chr7	6	7	625	27	32	0.5401669281937486	0.661813996716669	-0.2930204902406752	0.01	200	False	True	0.2930204902406752	effect_ge_tau
cluster2	chr7	7	8	657	32	55	0.661813996716669	2.843621526023433	-2.103231752467007	0.0	200	False	True	2.103231752467007	effect_ge_tau
cluster2	chr7	8	9	712	55	62	2.843621526023433	4.645577269928529	-0.708128419155585	0.0	200	False	True	0.7081284191555848	effect_ge_tau
cluster2	chr7	9	10	774	62	49	4.645577269928529	2.447487099576555	0.9245566247237736	0.0	200	False	True	0.9245566247237735	effect_ge_tau
cluster2	chr7	10	11	823	49	543	2.447487099576555	3.584041345973875	-0.5502860250427468	0.0	200	False	True	0.550286025042747	effect_ge_tau
cluster2	chr7	11	12	1366	543	129	3.584041345973875	2.1643153027237036	0.7276765908095113	0.0	200	False	False	0.7276765908095113	terminal_unchanged
cluster3	chr7	0	1	79	79	25	2.805346973763545	1.2808156919131333	1.131116330484882	0.0	200	False	False	1.1311163304848821	terminal_unchanged
cluster3	chr7	1	2	104	25	198	1.2808156919131333	4.184426715691137	-1.7079670926867114	0.0	200	False	True	1.7079670926867112	effect_ge_tau
cluster3	chr7	2	3	302	198	89	4.184426715691137	2.2841812808895616	0.8733528281978195	0.0	200	False	True	0.8733528281978193	effect_ge_tau
cluster3	chr7	3	4	391	89	118	2.2841812808895616	3.255812338822774	-0.5113403940206924	0.0	200	False	True	0.5113403940206926	effect_ge_tau
cluster3	chr7	4	5	509	118	20	3.255812338822774	0.6887153032199047	2.2410379076517817	0.0	200	False	True	2.2410379076517817	effect_ge_tau
cluster3	chr7	5	6	529	20	69	0.6887153032199047	2.568168132640695	-1.8987600166931182	0.0	200	False	True	1.898760016693118	effect_ge_tau
cluster3	chr7	6	7	598	69	26	2.568168132640695	0.3690183422600047	2.798975222671552	0.0	200	False	True	2.798975222671552	effect_ge_tau
cluster3	chr7	7	8	624	26	34	0.3690183422600047	0.5680483785772947	-0.6223212759379363	0.0	200	False	True	0.6223212759379363	effect_ge_tau
cluster3	chr7	8	9	658	34	54	0.5680483785772947	3.0625240983351647	-2.430635487342631	0.0	200	False	True	2.430635487342631	effect_ge_tau
cluster3	chr7	9	10	712	54	62	3.0625240983351647	4.9467758791182295	-0.6917673411654021	0.0	200	False	True	0.691767341165402	effect_ge_tau
cluster3	chr7	10	11	774	62	28	4.9467758791182295	2.880438988196996	0.7801998377746959	0.0	200	False	True	0.7801998377746957	effect_ge_tau
cluster3	chr7	11	12	802	28	21	2.880438988196996	1.7120839557753946	0.7505352506282629	0.0	200	False	True	0.7505352506282628	effect_ge_tau
cluster3	chr7	12	13	823	21	386	1.7120839557753946	3.500439782039029	-1.0317827390275816	0.0	200	False	True	1.0317827390275816	effect_ge_tau
cluster3	chr7	13	14	1209	386	23	3.500439782039029	4.932333737459964	-0.4947342321964898	0.0	200	False	True	0.4947342321964896	effect_ge_tau
cluster3	chr7	14	15	1232	23	134	4.932333737459964	2.8498310712190973	0.7913940168896628	0.0	200	False	True	0.7913940168896627	effect_ge_tau
cluster3	chr7	15	16	1366	134	129	2.8498310712190973	1.7033411643797465	0.7425089803170759	0.0	200	False	False	0.7425089803170758	terminal_unchanged
cluster4	chr7	0	1	79	79	25	2.8502411541307624	0.9191108113615719	1.6327732747482322	0.0	200	False	False	1.632773274748232	terminal_unchanged
cluster4	chr7	1	2	104	25	198	0.9191108113615719	3.975625257462384	-2.112871061133197	0.0	200	False	True	2.112871061133197	effect_ge_tau
cluster4	chr7	2	3	302	198	207	3.975625257462384	2.837521591427309	0.4865504045570193	0.0	200	False	False	0.48655040455701926	long_long_not_candidate
cluster4	chr7	3	4	509	207	20	2.837521591427309	0.6628189032673786	2.097944717072835	0.0	200	False	True	2.097944717072835	effect_ge_tau
cluster4	chr7	4	5	529	20	69	0.6628189032673786	2.6119673916231445	-1.9784502328658342	0.0	200	False	True	1.9784502328658342	effect_ge_tau
cluster4	chr7	5	6	598	69	26	2.6119673916231445	0.31353655203343556	3.0584313390074165	0.0	200	False	True	3.0584313390074165	effect_ge_tau
cluster4	chr7	6	7	624	26	34	0.31353655203343556	0.9761304733559897	-1.638440354895007	0.0	200	False	True	1.638440354895007	effect_ge_tau
cluster4	chr7	7	8	658	34	54	0.9761304733559897	2.663612668022342	-1.4482384047155548	0.0	200	False	True	1.4482384047155548	effect_ge_tau
cluster4	chr7	8	9	712	54	62	2.663612668022342	4.510765754080712	-0.7599880615792528	0.0	200	False	True	0.7599880615792529	effect_ge_tau
cluster4	chr7	9	10	774	62	49	4.510765754080712	1.9666231225408723	1.197651857684102	0.0	200	False	True	1.197651857684102	effect_ge_tau
cluster4	chr7	10	11	823	49	410	1.9666231225408723	3.4429350481987826	-0.8079184538021058	0.0	200	False	True	0.8079184538021058	effect_ge_tau
cluster4	chr7	11	12	1233	410	133	3.4429350481987826	3.0474533965496517	0.17603480590137788	0.545	200	False	False	0.17603480590137788	long_long_not_candidate
cluster4	chr7	12	13	1366	133	26	3.0474533965496517	0.9041193577798525	1.7530190100225034	0.0	200	False	True	1.7530190100225034	effect_ge_tau
cluster4	chr7	13	14	1392	26	103	0.9041193577798525	2.3725229803280405	-1.3918369128507833	0.0	200	False	False	1.3918369128507833	terminal_unchanged
cluster0	chr8	0	1	50	50	825	0.7200111580483943	3.0677223622583427	-2.0910767513203172	0.0	200	False	False	2.0910767513203172	terminal_unchanged
cluster0	chr8	1	2	875	825	59	3.0677223622583427	4.119509567771421	-0.42530467249350545	0.0	200	False	True	0.42530467249350523	effect_ge_tau
cluster0	chr8	2	3	934	59	114	4.119509567771421	3.0604141199765547	0.4287457087454128	0.0	200	False	True	0.42874570874541273	effect_ge_tau
cluster0	chr8	3	4	1048	114	191	3.0604141199765547	5.502767060100798	-0.8464303742164092	0.0	200	False	False	0.8464303742164092	long_long_not_candidate
cluster0	chr8	4	5	1239	191	46	5.502767060100798	0.8887549189440249	2.630299713968386	0.0	200	False	True	2.6302997139683857	effect_ge_tau
cluster0	chr8	5	6	1285	46	60	0.8887549189440249	4.348474150899532	-2.290651713505964	0.0	200	False	False	2.290651713505964	terminal_unchanged
cluster1	chr8	0	1	50	50	825	0.6394317586351932	2.993577011531604	-2.2270080796020784	0.0	200	False	False	2.2270080796020784	terminal_unchanged
cluster1	chr8	1	2	875	825	59	2.993577011531604	4.052271796875833	-0.43686055796159234	0.0	200	False	True	0.4368605579615925	effect_ge_tau
cluster1	chr8	2	3	934	59	114	4.052271796875833	2.842896019137771	0.5113696104346338	0.0	200	False	True	0.5113696104346339	effect_ge_tau
cluster1	chr8	3	4	1048	114	191	2.842896019137771	5.297635772380792	-0.8979873252800059	0.0	200	False	False	0.8979873252800059	long_long_not_candidate
cluster1	chr8	4	5	1239	191	46	5.297635772380792	0.75661392806046	2.8077194182364282	0.0	200	False	True	2.8077194182364287	effect_ge_tau
cluster1	chr8	5	6	1285	46	60	0.75661392806046	4.272970745554382	-2.4976102003244858	0.0	200	False	False	2.4976102003244853	terminal_unchanged
cluster2	chr8	0	1	50	50	825	1.0469265141737851	3.292704368769968	-1.6531128070007308	0.0	200	False	False	1.6531128070007308	terminal_unchanged
cluster2	chr8	1	2	875	825	120	3.292704368769968	3.8156840008036594	-0.21266871101554746	0.135	200	False	False	0.2126687110155474	long_long_not_candidate
cluster2	chr8	2	3	995	120	53	3.8156840008036594	3.088270713968602	0.305142475241613	0.0	200	False	True	0.305142475241613	effect_ge_tau
cluster2	chr8	3	4	1048	53	191	3.088270713968602	5.5055088629271145	-0.8340766923036121	0.0	200	False	True	0.8340766923036123	effect_ge_tau
cluster2	chr8	4	5	1239	191	20	5.5055088629271145	2.8311216336456813	0.9595021821379132	0.0	200	False	True	0.9595021821379135	effect_ge_tau
cluster2	chr8	5	6	1259	20	26	2.8311216336456813	0.957042164534404	1.5647193409351403	0.0	200	False	True	1.5647193409351403	effect_ge_tau
cluster2	chr8	6	7	1285	26	60	0.957042164534404	5.135062808811085	-2.423727530544255	0.0	200	False	False	2.4237275305442547	terminal_unchanged
cluster3	chr8	0	1	50	50	826	0.7226074803011353	3.067339208011123	-2.0857036243469897	0.0	200	False	False	2.0857036243469897	terminal_unchanged
cluster3	chr8	1	2	876	826	40	3.067339208011123	5.194649784282667	-0.7600387691872968	0.0	200	False	True	0.7600387691872967	effect_ge_tau
cluster3	chr8	2	3	916	40	136	5.194649784282667	3.4127052940594282	0.6061106528759278	0.0	200	False	True	0.6061106528759277	effect_ge_tau
cluster3	chr8	3	4	1052	136	187	3.4127052940594282	5.387255397751319	-0.658634626614173	0.0	200	False	False	0.6586346266141732	long_long_not_candidate
cluster3	chr8	4	5	1239	187	46	5.387255397751319	0.8909776693499212	2.596089282826487	0.0	200	False	True	2.596089282826487	effect_ge_tau
cluster3	chr8	5	6	1285	46	60	0.8909776693499212	4.327705021177929	-2.280140988682997	0.0	200	False	False	2.2801409886829966	terminal_unchanged
cluster4	chr8	0	1	50	50	346	0.8545351444199295	3.2129422868744855	-1.9106833344668082	0.0	200	False	False	1.9106833344668084	terminal_unchanged
cluster4	chr8	1	2	396	346	20	3.2129422868744855	1.2761190618415617	1.3321321275865834	0.0	200	False	True	1.3321321275865834	effect_ge_tau
cluster4	chr8	2	3	416	20	149	1.2761190618415617	6.11067055656353	-2.259567764620101	0.0	200	False	True	2.259567764620101	effect_ge_tau
cluster4	chr8	3	4	565	149	24	6.11067055656353	1.8859871947048759	1.6960108228004656	0.0	200	False	True	1.6960108228004653	effect_ge_tau
cluster4	chr8	4	5	589	24	86	1.8859871947048759	5.534940638445725	-1.5532479637900645	0.0	200	False	True	1.5532479637900645	effect_ge_tau
cluster4	chr8	5	6	675	86	25	5.534940638445725	3.2155963892994017	0.7834815086485728	0.0	200	False	True	0.7834815086485729	effect_ge_tau
cluster4	chr8	6	7	700	25	539	3.2155963892994017	6.718401617446722	-1.063031704897405	0.0	200	False	True	1.0630317048974052	effect_ge_tau
cluster4	chr8	7	8	1239	539	20	6.718401617446722	2.5929333539425485	1.3735329154751126	0.0	200	False	True	1.3735329154751126	effect_ge_tau
cluster4	chr8	8	9	1259	20	26	2.5929333539425485	0.8626720495212215	1.5877010064494081	0.0	200	False	True	1.5877010064494084	effect_ge_tau
cluster4	chr8	9	10	1285	26	60	0.8626720495212215	5.894091970427637	-2.7723854535221415	0.0	200	False	False	2.772385453522141	terminal_unchanged
cluster0	chr9	0	1	192	192	26	2.7400599340860685	1.1693529745531475	1.2284969702796351	0.0	200	False	False	1.2284969702796351	terminal_unchanged
cluster0	chr9	1	2	218	26	442	1.1693529745531475	3.177917292733711	-1.4423710984253018	0.0	200	False	True	1.4423710984253018	effect_ge_tau
cluster0	chr9	2	3	660	442	29	3.177917292733711	1.290072169548188	1.3006298026207173	0.0	200	False	True	1.3006298026207173	effect_ge_tau
cluster0	chr9	3	4	689	29	32	1.290072169548188	2.21015235314049	-0.7766940472820899	0.0	200	False	True	0.7766940472820897	effect_ge_tau
cluster0	chr9	4	5	721	32	95	2.21015235314049	4.429568416088796	-1.0030203174433032	0.0	200	False	True	1.0030203174433034	effect_ge_tau
cluster0	chr9	5	6	816	95	40	4.429568416088796	1.9145904335750643	1.2101303343352239	0.0	200	False	True	1.210130334335224	effect_ge_tau
cluster0	chr9	6	7	856	40	122	1.9145904335750643	3.854611561323008	-1.0095496776292339	0.0	200	False	True	1.0095496776292339	effect_ge_tau
cluster0	chr9	7	8	978	122	53	3.854611561323008	2.781879561545674	0.4705255222242612	0.0	200	False	False	0.47052552222426125	terminal_unchanged
cluster1	chr9	0	1	72	72	22	3.4092629227227196	0.6766047208861534	2.3330747161433605	0.0	200	False	False	2.3330747161433605	terminal_unchanged
cluster1	chr9	1	2	94	22	100	0.6766047208861534	3.0306386115735737	-2.163236679822566	0.0	200	False	True	2.163236679822566	effect_ge_tau
cluster1	chr9	2	3	194	100	24	3.0306386115735737	1.2573963909440418	1.269182300920506	0.0	200	False	True	1.269182300920506	effect_ge_tau
cluster1	chr9	3	4	218	24	762	1.2573963909440418	3.2368971375179605	-1.3641719928264338	0.0	200	False	True	1.3641719928264338	effect_ge_tau
cluster1	chr9	4	5	980	762	51	3.2368971375179605	2.691782844024011	0.2660494929975426	0.005	200	False	False	0.26604949299754277	terminal_unchanged
cluster2	chr9	0	1	71	71	23	3.4342042837760216	0.8898151765303283	1.9483982504757755	0.0	200	False	False	1.9483982504757753	terminal_unchanged
cluster2	chr9	1	2	94	23	84	0.8898151765303283	3.147929718914958	-1.8228257212216148	0.0	200	False	True	1.8228257212216143	effect_ge_tau
cluster2	chr9	2	3	178	84	40	3.147929718914958	1.734013633651863	0.8602880896404744	0.0	200	False	True	0.8602880896404744	effect_ge_tau
cluster2	chr9	3	4	218	40	762	1.734013633651863	3.3311815354924246	-0.9419187352449905	0.0	200	False	True	0.9419187352449906	effect_ge_tau
cluster2	chr9	4	5	980	762	51	3.3311815354924246	2.876289626682504	0.21182502239777184	0.165	200	False	False	0.21182502239777157	terminal_unchanged
cluster3	chr9	0	1	194	194	24	2.7266591236278974	1.2651667233270942	1.107806835966995	0.0	200	False	False	1.107806835966995	terminal_unchanged
cluster3	chr9	1	2	218	24	58	1.2651667233270942	2.9095740987991014	-1.2014804725985715	0.0	200	False	True	1.2014804725985715	effect_ge_tau
cluster3	chr9	2	3	276	58	55	2.9095740987991014	4.676437768336872	-0.6846020010260447	0.0	200	False	True	0.684602001026045	effect_ge_tau
cluster3	chr9	3	4	331	55	24	4.676437768336872	1.8779918910191702	1.3162191554402096	0.0	200	False	True	1.3162191554402096	effect_ge_tau
cluster3	chr9	4	5	355	24	305	1.8779918910191702	3.1033621174303967	-0.7246412147211737	0.0	200	False	True	0.7246412147211736	effect_ge_tau
cluster3	chr9	5	6	660	305	30	3.1033621174303967	1.358701437962402	1.1916035762351997	0.0	200	False	True	1.1916035762351997	effect_ge_tau
cluster3	chr9	6	7	690	30	31	1.358701437962402	1.978010141207088	-0.5418213506978634	0.0	200	False	True	0.5418213506978635	effect_ge_tau
cluster3	chr9	7	8	721	31	95	1.978010141207088	4.451987301115425	-1.170399654754411	0.0	200	False	True	1.1703996547544109	effect_ge_tau
cluster3	chr9	8	9	816	95	40	4.451987301115425	1.8310163638709769	1.281804792911049	0.0	200	False	True	1.281804792911049	effect_ge_tau
cluster3	chr9	9	10	856	40	122	1.8310163638709769	3.7295105828905717	-1.0263416359510438	0.0	200	False	True	1.0263416359510438	effect_ge_tau
cluster3	chr9	10	11	978	122	53	3.7295105828905717	2.406631661283178	0.6319709685812948	0.0	200	False	False	0.6319709685812949	terminal_unchanged
cluster4	chr9	0	1	164	164	55	2.8735408769409334	1.6982851891533066	0.7587508243504794	0.0	200	False	False	0.7587508243504795	terminal_unchanged
cluster4	chr9	1	2	219	55	752	1.6982851891533066	3.169134402772936	-0.9000100978970146	0.0	200	False	True	0.9000100978970145	effect_ge_tau
cluster4	chr9	2	3	971	752	60	3.169134402772936	2.5252843827270555	0.3276429807420601	0.0	200	False	False	0.32764298074206	terminal_unchanged
cluster0	chr13	0	1	100	100	719	2.856592619526243	3.493526431387637	-0.29038874818585175		0	False	False	0.2903887481858518	terminal_unchanged
cluster0	chr13	1	2	819	719	75	3.493526431387637	2.342485703120759	0.5766438127612008		0	False	False	0.576643812761201	terminal_unchanged
cluster1	chr13	0	1	100	100	719	2.643463219216665	3.475309625257741	-0.3947122639844957		0	False	False	0.39471226398449577	terminal_unchanged
cluster1	chr13	1	2	819	719	75	3.475309625257741	2.042981727126839	0.7664652170323584		0	False	False	0.7664652170323585	terminal_unchanged
cluster2	chr13	0	1	51	51	49	3.2262644859190015	3.127082868476139	0.045047262482666287	1.0	200	False	False	0.04504726248266633	terminal_unchanged
cluster2	chr13	1	2	100	49	233	3.127082868476139	3.9074667085891313	-0.32141613004338676	0.0	200	False	True	0.32141613004338665	effect_ge_tau
cluster2	chr13	2	3	333	233	20	3.9074667085891313	1.2800834013172324	1.6099957723450564	0.0	200	False	True	1.6099957723450564	effect_ge_tau
cluster2	chr13	3	4	353	20	43	1.2800834013172324	2.348806360071178	-0.875689970565928	0.0	200	False	True	0.8756899705659281	effect_ge_tau
cluster2	chr13	4	5	396	43	423	2.348806360071178	3.5827436888042294	-0.6091370563353428	0.0	200	False	True	0.6091370563353427	effect_ge_tau
cluster2	chr13	5	6	819	423	75	3.5827436888042294	2.611314693438843	0.4562885066830144	0.0	200	False	False	0.45628850668301424	terminal_unchanged
cluster3	chr13	0	1	100	100	107	2.495886143206481	3.4943615148887885	-0.4854767492009938	0.0	200	False	False	0.4854767492009937	terminal_unchanged
cluster3	chr13	1	2	207	107	118	3.4943615148887885	4.429063691523943	-0.34197287149206784	0.0	200	False	False	0.3419728714920678	long_long_not_candidate
cluster3	chr13	2	3	325	118	25	4.429063691523943	1.1834131540401258	1.9040479075081091	0.0	200	False	True	1.904047907508109	effect_ge_tau
cluster3	chr13	3	4	350	25	45	1.1834131540401258	2.4310682711636433	-1.0386365724915914	0.0	200	False	True	1.0386365724915914	effect_ge_tau
cluster3	chr13	4	5	395	45	260	2.4310682711636433	3.6222946967859637	-0.5753135146818056	0.0	200	False	True	0.5753135146818056	effect_ge_tau
cluster3	chr13	5	6	655	260	164	3.6222946967859637	2.923787736983134	0.3090653461172244	0.0	200	False	False	0.30906534611722436	long_long_not_candidate
cluster3	chr13	6	7	819	164	75	2.923787736983134	2.256021201856875	0.37405795129135133	0.0	200	False	False	0.37405795129135133	terminal_unchanged
cluster4	chr13	0	1	100	100	719	2.5850665589088866	3.4176107183428077	-0.40278664998147157		0	False	False	0.4027866499814714	terminal_unchanged
cluster4	chr13	1	2	819	719	75	3.4176107183428077	2.150521083415022	0.6683018014018669		0	False	False	0.6683018014018669	terminal_unchanged
