source	chromosome	n_cells	seg_id	bin_start	bin_end	seg_length	Mb_start	Mb_end	mean_rate	median_level	median_level_left	median_level_right	delta_left_median	delta_right_median	log2fc_left	log2fc_right	srd_left	srd_right	srd_phi_left	srd_phi_right	pooled_phi	proposal	proposed_boundary_bin
all	chr1	3460	3	674	763	89	68600001.0	77400001.1	2.9474	2.5081	3.4024	3.588	-0.44	-0.5166	-0.3692	-0.4926	-3.6908	-5.3752	-2.5843	-3.7638	2.0396	merge_left	674.0
all	chr1	3460	5	1183	1245	62	120000001.0	149700001.1	3.6147	2.2418	3.588	9.8553	-0.6786	-2.1363	-0.1982	-1.5649	-1.97	-15.4378	-1.3794	-10.8098	2.0396	merge_left	1183.0
all	chr1	3460	6	1245	1315	70	149800001.0	156700001.1	10.6942	9.8553	2.2418	5.7321	2.1363	0.7818	1.5649	0.7257	15.4378	9.3565	10.8098	6.5516	2.0396	keep_focal	
all	chr1	3460	7	1315	1414	99	156800001.0	166700001.1	6.4668	5.7321	9.8553	7.5538	-0.7818	-0.3981	-0.7257	-0.4302	-9.3565	-7.4666	-6.5516	-5.2282	2.0396	keep_focal	
cluster0	chr1	1286	3	674	763	89	68600001.0	77400001.1	2.9081	2.3893	3.3333	3.5415	-0.4803	-0.5677	-0.386	-0.5092	-3.8429	-5.5321	-2.6384	-3.7982	2.1214	merge_left	674.0
cluster0	chr1	1286	5	1183	1245	62	120000001.0	149700001.1	3.6265	2.2357	3.5415	9.9071	-0.6636	-2.1477	-0.1908	-1.5627	-1.8978	-15.4361	-1.303	-10.598	2.1214	merge_left	1183.0
cluster0	chr1	1286	6	1245	1315	70	149800001.0	156700001.1	10.713	9.9071	2.2357	5.6649	2.1477	0.8064	1.5627	0.7303	15.4361	9.4173	10.598	6.4656	2.1214	keep_focal	
cluster0	chr1	1286	7	1315	1414	99	156800001.0	166700001.1	6.4574	5.6649	9.9071	7.507	-0.8064	-0.4062	-0.7303	-0.4295	-9.4173	-7.4495	-6.4656	-5.1146	2.1214	keep_focal	
cluster1	chr1	833	3	674	763	89	68600001.0	77400001.1	2.9132	2.4301	3.2983	3.5203	-0.4407	-0.5347	-0.3934	-0.521	-3.9241	-5.6744	-2.6003	-3.7601	2.2774	merge_left	674.0
cluster1	chr1	833	5	1183	1245	62	120000001.0	149700001.1	3.7331	2.1055	3.5203	10.0036	-0.7415	-2.2483	-0.1633	-1.5288	-1.6419	-15.232	-1.088	-10.0934	2.2774	merge_left	1183.0
cluster1	chr1	833	6	1245	1315	70	149800001.0	156700001.1	10.7714	10.0036	2.1055	5.4198	2.2483	0.8842	1.5288	0.7513	15.232	9.6808	10.0934	6.415	2.2774	keep_focal	
cluster1	chr1	833	7	1315	1414	99	156800001.0	166700001.1	6.3989	5.4198	10.0036	7.4855	-0.8842	-0.4659	-0.7513	-0.4544	-9.6808	-7.8715	-6.415	-5.216	2.2774	keep_focal	
cluster2	chr1	603	4	1183	1245	62	120000001.0	149700001.1	3.5725	2.3372	3.7481	9.823	-0.6814	-2.0714	-0.2103	-1.5154	-2.0818	-14.7363	-1.8013	-12.7504	1.3358	merge_left	1183.0
cluster2	chr1	603	5	1245	1315	70	149800001.0	156700001.1	10.2128	9.823	2.3372	6.5295	2.0714	0.5892	1.5154	0.557	14.7363	7.2142	12.7504	6.242	1.3358	keep_focal	
cluster2	chr1	603	6	1315	1414	99	156800001.0	166700001.1	6.9416	6.5295	9.823	7.7603	-0.5892	-0.2491	-0.557	-0.309	-7.2142	-5.4677	-6.242	-4.7309	1.3358	keep_focal	
cluster3	chr1	556	2	463	493	30	47500001.0	50400001.1	1.9877	1.9422	4.1289	3.0359	-1.088	-0.6444	-1.1103	-0.8875	-6.6246	-5.1045	-4.2021	-3.2379	2.4854	merge_right	493.0
cluster3	chr1	556	5	1183	1245	62	120000001.0	149700001.1	3.4686	2.1096	3.6389	10.6486	-0.7865	-2.3356	-0.2908	-1.6907	-2.8368	-16.6965	-1.7994	-10.5908	2.4854	merge_left	1183.0
cluster3	chr1	556	6	1245	1315	70	149800001.0	156700001.1	11.1974	10.6486	2.1096	4.1473	2.3356	1.3604	1.6907	1.1824	16.6965	8.6878	10.5908	5.5108	2.4854	keep_focal	
cluster3	chr1	556	7	1315	1336	21	156800001.0	158800001.1	4.9338	4.1473	10.6486	7.0253	-1.3604	-0.7604	-1.1824	-0.7619	-8.6878	-4.9725	-5.5108	-3.1541	2.4854	merge_right	1336.0
cluster3	chr1	556	8	1336	1380	44	158900001.0	163300001.1	8.3665	7.0253	4.1473	3.9064	0.7604	0.8467	0.7619	1.0033	4.9725	7.3515	3.1541	4.6632	2.4854	merge_left	1336.0
cluster3	chr1	556	9	1380	1414	34	163400001.0	166700001.1	4.1737	3.9064	7.0253	7.4744	-0.8467	-0.9361	-1.0033	-1.0875	-7.3515	-10.0684	-4.6632	-6.3865	2.4854	keep_focal	
cluster4	chr1	182	2	456	493	37	46800001.0	50400001.1	2.4067	2.1974	3.9571	3.2208	-0.8487	-0.5517	-0.773	-0.6829	-5.3477	-4.7399	-3.7307	-3.3067	2.0547	keep_focal	
cluster4	chr1	182	4	1183	1245	62	120000001.0	149700001.1	3.5769	2.1596	3.2208	9.5902	-0.5767	-2.1508	-0.1112	-1.521	-1.1146	-14.8142	-0.7776	-10.3348	2.0547	merge_left	1183.0
cluster4	chr1	182	5	1245	1315	70	149800001.0	156700001.1	10.2653	9.5902	2.1596	5.7996	2.1508	0.7256	1.521	0.5704	14.8142	6.654	10.3348	4.6421	2.0547	keep_focal	
cluster4	chr1	182	6	1315	1380	65	156800001.0	163300001.1	6.913	5.7996	9.5902	3.2531	-0.7256	0.8341	-0.5704	0.6142	-6.654	4.7041	-4.6421	3.2817	2.0547	merge_right	1380.0
cluster4	chr1	182	7	1380	1414	34	163400001.0	166700001.1	4.5161	3.2531	5.7996	7.4225	-0.8341	-1.1901	-0.6142	-0.9087	-4.7041	-8.5458	-3.2817	-5.9618	2.0547	merge_left	1380.0
all	chr2	3460	1	81	125	44	8600001.0	13000001.1	4.8788	4.3853	1.7373	3.2914	1.3358	0.414	1.2446	0.3812	8.3804	3.3274	7.6977	3.0563	1.1852	merge_right	125.0
all	chr2	3460	3	324	349	25	33600001.0	36200001.1	1.7575	1.5971	3.2914	4.9339	-1.0433	-1.6273	-1.0917	-1.5822	-5.4691	-7.1337	-5.0236	-6.5526	1.1852	keep_focal	
all	chr2	3460	4	349	382	33	36300001.0	39500001.1	5.2623	4.9339	1.5971	3.7463	1.6273	0.3972	1.5822	0.3605	7.1337	3.0148	6.5526	2.7692	1.1852	merge_right	382.0
all	chr2	3460	6	744	765	21	76000001.0	80600001.1	1.0941	1.1591	3.7463	3.2329	-1.6925	-1.4798	-1.9055	-1.7576	-7.9334	-6.9584	-7.2871	-6.3915	1.1852	keep_focal	
cluster0	chr2	1286	1	81	125	44	8600001.0	13000001.1	4.9411	4.3672	1.7531	3.3496	1.3168	0.3827	1.2403	0.3874	8.4104	3.3994	7.5803	3.0639	1.231	merge_right	125.0
cluster0	chr2	1286	3	324	349	25	33600001.0	36200001.1	1.7263	1.4613	3.3496	4.924	-1.1967	-1.7526	-1.1298	-1.6282	-5.639	-7.3326	-5.0825	-6.6089	1.231	keep_focal	
cluster0	chr2	1286	4	349	382	33	36300001.0	39500001.1	5.3366	4.924	1.4613	3.8397	1.7526	0.3588	1.6282	0.3658	7.3326	3.0787	6.6089	2.7748	1.231	merge_right	382.0
cluster0	chr2	1286	6	744	766	22	76000001.0	80700001.1	1.1017	1.1252	3.8397	3.2475	-1.7709	-1.5292	-1.9105	-1.7615	-8.1677	-7.1483	-7.3616	-6.4428	1.231	keep_focal	
cluster0	chr2	1286	8	910	956	46	102800001.0	107400001.1	1.9539	1.5218	3.2475	2.5164	-1.0935	-0.7255	-0.9348	-0.6172	-6.1277	-4.0812	-5.523	-3.6784	1.231	keep_focal	
cluster1	chr2	833	1	81	141	60	8600001.0	14700001.1	4.5999	4.0779	1.6207	3.0758	1.3312	0.4069	1.2227	0.3119	8.726	2.9806	7.5358	2.574	1.3408	merge_right	141.0
cluster1	chr2	833	3	324	349	25	33600001.0	36200001.1	1.6379	1.4334	3.0758	4.8493	-1.1016	-1.7584	-1.1778	-1.6816	-5.7423	-7.443	-4.959	-6.4278	1.3408	keep_focal	
cluster1	chr2	833	4	349	382	33	36300001.0	39500001.1	5.254	4.8493	1.4334	3.61	1.7584	0.4258	1.6816	0.3542	7.443	2.9621	6.4278	2.5581	1.3408	merge_right	382.0
cluster1	chr2	833	6	744	765	21	76000001.0	80600001.1	1.0657	1.0588	3.61	3.2413	-1.7695	-1.6141	-1.9474	-1.8034	-8.051	-7.0945	-6.9529	-6.1268	1.3408	keep_focal	
cluster1	chr2	833	9	1143	1234	91	133000001.0	142000001.1	2.988	2.5513	2.0604	3.4943	0.3083	-0.4538	0.1254	-0.4883	1.1934	-5.6709	1.0306	-4.8974	1.3408	merge_left	1143.0
cluster2	chr2	603	2	744	765	21	76000001.0	80600001.1	1.3186	1.2719	3.7878	3.4853	-1.5743	-1.4542	-1.5854	-1.5079	-6.9861	-6.3189	-7.7083	-6.9721	0.8214	keep_focal	
cluster3	chr2	556	1	81	125	44	8600001.0	13000001.1	4.9919	4.5034	1.3593	3.0058	1.7282	0.5833	1.4807	0.3681	9.7209	2.847	8.2202	2.4075	1.3984	merge_right	125.0
cluster3	chr2	556	2	125	202	77	13100001.0	20800001.1	3.8676	3.0058	4.5034	0.6417	-0.5833	2.2277	-0.3681	2.4073	-2.847	8.2784	-2.4075	7.0004	1.3984	merge_left	125.0
cluster3	chr2	556	3	202	223	21	20900001.0	23200001.1	0.7291	0.6417	3.0058	3.6287	-2.2277	-2.4994	-2.4073	-2.4989	-8.2784	-9.3343	-7.0004	-7.8933	1.3984	keep_focal	
cluster3	chr2	556	5	744	766	22	76000001.0	80700001.1	0.9931	0.971	3.6287	2.8759	-1.9019	-1.5664	-2.0531	-1.7448	-8.5624	-6.6504	-7.2406	-5.6237	1.3984	keep_focal	
cluster3	chr2	556	7	889	910	21	100700001.0	102700001.1	5.2741	4.8791	2.8759	1.3944	0.7626	1.807	0.6642	1.508	4.1064	7.4286	3.4725	6.2818	1.3984	keep_focal	
cluster3	chr2	556	8	910	962	52	102800001.0	108000001.1	1.8544	1.3944	4.8791	2.2452	-1.807	-0.6872	-1.508	-0.6662	-7.4286	-4.5258	-6.2818	-3.8271	1.3984	keep_focal	
cluster4	chr2	182	1	83	125	42	8800001.0	13000001.1	4.9029	4.5445	1.9847	3.312	1.1952	0.4564	1.139	0.4004	7.7471	3.6983	7.1485	3.4125	1.1745	keep_focal	
all	chr5	3460	1	50	74	24	5700001.0	8300001.1	1.1868	0.6585	1.4864	2.6174	-1.1746	-1.9908	-0.8292	-1.4008	-2.8649	-5.4137	-2.3756	-4.4892	1.4543	merge_left	50.0
all	chr5	3460	2	74	134	60	8400001.0	14300001.1	3.1338	2.6174	0.6585	0.6751	1.9908	1.955	1.4008	0.8553	5.4137	3.4245	4.4892	2.8397	1.4543	merge_right	134.0
all	chr5	3460	3	134	154	20	14400001.0	16300001.1	1.7323	0.6751	2.6174	3.4075	-1.955	-2.3356	-0.8553	-1.1989	-3.4245	-5.6242	-2.8397	-4.6637	1.4543	merge_left	134.0
all	chr5	3460	5	1037	1089	52	113600001.0	118800001.1	2.8321	2.2507	3.4075	5.9494	-0.5983	-1.4024	-0.4897	-1.2068	-4.2548	-11.1124	-3.5282	-9.2146	1.4543	keep_focal	
all	chr5	3460	7	1414	1444	30	151900001.0	154900001.1	4.2624	3.8574	5.9494	1.7089	-0.6251	1.1746	-0.617	0.9676	-5.0085	4.0134	-4.1532	3.328	1.4543	ambiguous_keep	
all	chr5	3460	8	1444	1464	20	155000001.0	157000001.1	2.1796	1.7089	3.8574	4.9089	-1.1746	-1.5223	-0.9676	-1.3966	-4.0134	-6.4666	-3.328	-5.3623	1.4543	keep_focal	
all	chr5	3460	9	1464	1503	39	157100001.0	160900001.1	5.7385	4.9089	1.7089	1.1568	1.5223	2.0853	1.3966	2.1482	6.4666	8.9689	5.3623	7.4372	1.4543	keep_focal	
all	chr5	3460	10	1503	1525	22	161000001.0	163200001.1	1.2946	1.1568	4.9089	4.5361	-2.0853	-1.9713	-2.1482	-2.0574	-8.9689	-9.3109	-7.4372	-7.7209	1.4543	keep_focal	
cluster0	chr5	1286	1	50	74	24	5700001.0	8300001.1	1.1689	0.5865	1.4799	2.653	-1.3354	-2.1775	-0.8466	-1.4248	-2.9108	-5.4849	-2.304	-4.3415	1.5961	merge_left	50.0
cluster0	chr5	1286	2	74	134	60	8400001.0	14300001.1	3.1382	2.653	0.5865	0.6241	2.1775	2.0877	1.4248	0.8811	5.4849	3.5123	4.3415	2.7801	1.5961	merge_right	134.0
cluster0	chr5	1286	3	134	154	20	14400001.0	16300001.1	1.7039	0.6241	2.653	3.35	-2.0877	-2.4242	-0.8811	-1.2093	-3.5123	-5.6324	-2.7801	-4.4583	1.5961	merge_left	134.0
cluster0	chr5	1286	5	1009	1037	28	110700001.0	113500001.1	5.2838	5.1436	3.35	2.2589	0.6186	1.1872	0.4235	0.9098	3.3437	5.3676	2.6467	4.2487	1.5961	merge_left	1009.0
cluster0	chr5	1286	6	1037	1089	52	113600001.0	118800001.1	2.8123	2.2589	5.1436	5.9179	-1.1872	-1.3895	-0.9098	-1.2213	-5.3676	-11.228	-4.2487	-8.8874	1.5961	keep_focal	
cluster1	chr5	833	1	50	74	24	5700001.0	8300001.1	1.0974	0.4657	1.306	2.5665	-1.4876	-2.4623	-0.9222	-1.5083	-3.1086	-5.6999	-2.43	-4.4556	1.6365	merge_left	50.0
cluster1	chr5	833	2	74	134	60	8400001.0	14300001.1	3.122	2.5665	0.4657	0.5463	2.4623	2.232	1.5083	0.9344	5.6999	3.6762	4.4556	2.8737	1.6365	merge_right	134.0
cluster1	chr5	833	3	134	154	20	14400001.0	16300001.1	1.6336	0.5463	2.5665	3.4183	-2.232	-2.6455	-0.9344	-1.2876	-3.6762	-5.936	-2.8737	-4.6401	1.6365	merge_left	134.0
cluster1	chr5	833	5	1037	1089	52	113600001.0	118800001.1	2.8212	2.1907	3.4183	5.8151	-0.6419	-1.4084	-0.4994	-1.2169	-4.3358	-11.2	-3.3893	-8.755	1.6365	keep_focal	
cluster1	chr5	833	7	1414	1444	30	151900001.0	154900001.1	4.2103	3.6861	5.8151	1.5761	-0.6577	1.2257	-0.6393	1.0053	-5.173	4.1157	-4.0437	3.2172	1.6365	merge_right	1444.0
cluster1	chr5	833	8	1444	1464	20	155000001.0	157000001.1	2.0974	1.5761	3.6861	4.6883	-1.2257	-1.5727	-1.0053	-1.4399	-4.1157	-6.5854	-3.2172	-5.1477	1.6365	merge_left	1444.0
cluster1	chr5	833	9	1464	1503	39	157100001.0	160900001.1	5.6902	4.6883	1.5761	1.0114	1.5727	2.2127	1.4399	2.2863	6.5854	9.2719	5.1477	7.2478	1.6365	keep_focal	
cluster1	chr5	833	10	1503	1525	22	161000001.0	163200001.1	1.1665	1.0114	4.6883	4.539	-2.2127	-2.166	-2.2863	-2.2088	-9.2719	-9.7129	-7.2478	-7.5925	1.6365	keep_focal	
cluster2	chr5	603	1	50	74	24	5700001.0	8300001.1	1.3488	0.8683	1.8486	2.933	-1.0901	-1.756	-0.8068	-1.3159	-2.9614	-5.3508	-2.9531	-5.3358	1.0056	merge_left	50.0
cluster2	chr5	603	2	74	134	60	8400001.0	14300001.1	3.3581	2.933	0.8683	0.8841	1.756	1.73	1.3159	0.8036	5.3508	3.365	5.3358	3.3556	1.0056	keep_focal	
cluster2	chr5	603	3	134	154	20	14400001.0	16300001.1	1.9239	0.8841	2.933	3.5032	-1.73	-1.9863	-0.8036	-1.027	-3.365	-4.9615	-3.3556	-4.9476	1.0056	keep_focal	
cluster2	chr5	603	5	1009	1037	28	110700001.0	113500001.1	5.1742	5.3885	3.5032	2.6831	0.6212	1.006	0.4003	0.7447	3.1359	4.4775	3.1271	4.465	1.0056	merge_left	1009.0
cluster2	chr5	603	6	1037	1090	53	113600001.0	118900001.1	3.0879	2.6831	5.3885	6.0362	-1.006	-1.1697	-0.7447	-1.0606	-4.4775	-10.0721	-4.465	-10.0439	1.0056	keep_focal	
cluster2	chr5	603	8	1414	1444	30	151900001.0	154900001.1	4.6095	4.3243	6.0362	2.0299	-0.4812	1.0911	-0.4826	0.823	-4.0027	3.6454	-3.9915	3.6352	1.0056	ambiguous_keep	
cluster2	chr5	603	9	1444	1464	20	155000001.0	157000001.1	2.6056	2.0299	4.3243	5.5182	-1.0911	-1.4428	-0.823	-1.1818	-3.6454	-5.7824	-3.6352	-5.7663	1.0056	keep_focal	
cluster2	chr5	603	10	1464	1503	39	157100001.0	160900001.1	5.9112	5.5182	2.0299	1.2199	1.4428	2.1775	1.1818	1.9835	5.7824	8.6594	5.7663	8.6352	1.0056	keep_focal	
cluster2	chr5	603	11	1503	1525	22	161000001.0	163200001.1	1.4948	1.2199	5.5182	5.0808	-2.1775	-2.0583	-1.9835	-1.9078	-8.6594	-9.0679	-8.6352	-9.0425	1.0056	keep_focal	
cluster3	chr5	556	1	50	74	24	5700001.0	8300001.1	1.0999	0.6155	1.2879	2.2877	-1.0652	-1.894	-0.7207	-1.2539	-2.3571	-4.7003	-1.8539	-3.6968	1.6165	merge_left	50.0
cluster3	chr5	556	2	74	154	80	8400001.0	16300001.1	2.623	2.2877	0.6155	3.1205	1.894	-0.4479	1.2539	-0.3464	4.7003	-3.0761	3.6968	-2.4194	1.6165	merge_right	154.0
cluster3	chr5	556	4	345	404	59	36100001.0	41900001.1	4.7013	3.9429	3.1205	2.3744	0.3375	0.7317	0.4954	0.8209	4.6593	5.445	3.6646	4.2826	1.6165	keep_focal	
cluster3	chr5	556	5	404	451	47	42000001.0	51200001.1	2.6614	2.3744	3.9429	3.5439	-0.7317	-0.5778	-0.8209	-0.6755	-5.445	-5.4923	-4.2826	-4.3198	1.6165	keep_focal	
cluster3	chr5	556	7	1038	1090	52	113700001.0	118900001.1	2.7152	1.9459	3.5439	5.4771	-0.8649	-1.493	-0.6466	-1.2357	-5.5455	-11.118	-4.3616	-8.7444	1.6165	keep_focal	
cluster3	chr5	556	9	1382	1414	32	148700001.0	151800001.1	9.0685	8.0972	5.4771	2.9071	0.564	1.4779	0.5041	1.4274	5.3058	11.1887	4.173	8.8	1.6165	keep_focal	
cluster3	chr5	556	10	1414	1482	68	151900001.0	158800001.1	3.3716	2.9071	8.0972	5.251	-1.4779	-0.853	-1.4274	-1.0441	-11.1887	-6.5947	-8.8	-5.1868	1.6165	keep_focal	
cluster3	chr5	556	11	1482	1503	21	158900001.0	160900001.1	6.9527	5.251	2.9071	1.2035	0.853	2.1254	1.0441	2.402	6.5947	9.5457	5.1868	7.5078	1.6165	keep_focal	
cluster3	chr5	556	12	1503	1525	22	161000001.0	163200001.1	1.3155	1.2035	5.251	3.8408	-2.1254	-1.6742	-2.402	-1.7485	-9.5457	-7.4884	-7.5078	-5.8897	1.6165	keep_focal	
cluster3	chr5	556	13	1525	1610	85	163300001.0	171800001.1	4.4201	3.8408	1.2035	6.7072	1.6742	-0.8043	1.7485	-0.6967	7.4884	-4.9083	5.8897	-3.8605	1.6165	ambiguous_keep	
cluster3	chr5	556	14	1610	1632	22	171900001.0	174000001.1	7.164	6.7072	3.8408	3.1399	0.8043	1.095	0.6967	0.8241	4.9083	5.4808	3.8605	4.3107	1.6165	keep_focal	
cluster4	chr5	182	2	1037	1090	53	113600001.0	118900001.1	2.6959	1.9898	3.2919	5.6726	-0.7263	-1.5114	-0.5204	-1.235	-4.4692	-11.2327	-3.6888	-9.2714	1.4678	keep_focal	
cluster4	chr5	182	4	1414	1503	89	151900001.0	160900001.1	4.4477	3.9762	5.6726	1.1964	-0.5126	1.7327	-0.5127	1.5409	-6.735	6.9186	-5.559	5.7106	1.4678	ambiguous_keep	
cluster4	chr5	182	5	1503	1525	22	161000001.0	163200001.1	1.5285	1.1964	3.9762	4.5131	-1.7327	-1.9154	-1.5409	-1.7236	-6.9186	-8.2557	-5.7106	-6.8143	1.4678	keep_focal	
all	chr7	3460	1	79	104	25	8300001.0	10700001.1	1.451	1.339	2.9693	4.1632	-1.149	-1.6366	-1.171	-1.672	-5.0562	-8.2641	-4.6043	-7.5255	1.2059	keep_focal	
all	chr7	3460	4	509	529	20	51400001.0	53500001.1	0.893	0.7396	3.0172	2.919	-2.0284	-1.9806	-1.9235	-1.6206	-6.9892	-5.2978	-6.3646	-4.8243	1.2059	keep_focal	
all	chr7	3460	5	529	598	69	53600001.0	67300001.1	2.746	2.919	0.7396	0.3912	1.9806	2.8996	1.6206	2.8115	5.2978	8.1954	4.8243	7.4629	1.2059	keep_focal	
all	chr7	3460	6	598	624	26	67400001.0	69900001.1	0.3912	0.3912	2.919	0.5845	-2.8996	-0.5794	-2.8115	-1.585	-8.1954	-3.4343	-7.4629	-3.1274	1.2059	merge_right	624.0
all	chr7	3460	7	624	658	34	70000001.0	73300001.1	1.1736	0.5845	0.3912	2.8537	0.5794	-2.2875	1.585	-1.5484	3.4343	-6.8211	3.1274	-6.2115	1.2059	merge_left	624.0
all	chr7	3460	8	658	712	54	73400001.0	78900001.1	3.4325	2.8537	0.5845	4.6944	2.2875	-0.7181	1.5484	-0.6794	6.8211	-5.2588	6.2115	-4.7888	1.2059	ambiguous_keep	
all	chr7	3460	9	712	774	62	79000001.0	85100001.1	5.4969	4.6944	2.8537	2.6815	0.7181	0.8079	0.6794	0.7217	5.2588	4.4778	4.7888	4.0776	1.2059	keep_focal	
all	chr7	3460	10	774	802	28	85200001.0	87900001.1	3.3331	2.6815	4.6944	1.6782	-0.8079	0.6761	-0.7217	0.6031	-4.4778	2.3698	-4.0776	2.158	1.2059	merge_right	802.0
all	chr7	3460	11	802	823	21	88000001.0	90000001.1	2.1944	1.6782	2.6815	3.4313	-0.6761	-1.0318	-0.6031	-0.8468	-2.3698	-4.3458	-2.158	-3.9574	1.2059	merge_left	802.0
cluster0	chr7	1286	1	79	104	25	8300001.0	10700001.1	1.467	1.2134	2.9356	4.2291	-1.2746	-1.8013	-1.1603	-1.669	-5.0294	-8.2902	-4.4914	-7.4035	1.2539	keep_focal	
cluster0	chr7	1286	4	509	529	20	51400001.0	53500001.1	0.8515	0.7043	3.016	2.916	-2.0984	-2.0498	-1.988	-1.7089	-7.1213	-5.5294	-6.3596	-4.9379	1.2539	keep_focal	
cluster0	chr7	1286	5	529	598	69	53600001.0	67300001.1	2.7837	2.916	0.7043	0.3811	2.0498	2.9357	1.7089	2.8628	5.5294	8.454	4.9379	7.5497	1.2539	keep_focal	
cluster0	chr7	1286	6	598	625	27	67400001.0	70000001.1	0.3827	0.3811	2.916	0.635	-2.9357	-0.7364	-2.8628	-1.6423	-8.454	-3.578	-7.5497	-3.1953	1.2539	merge_right	625.0
cluster0	chr7	1286	7	625	658	33	70100001.0	73300001.1	1.1946	0.635	0.3811	2.8615	0.7364	-2.172	1.6423	-1.5056	3.578	-6.6132	3.1953	-5.9059	1.2539	merge_left	625.0
cluster0	chr7	1286	8	658	714	56	73400001.0	79100001.1	3.3919	2.8615	0.635	4.7338	2.172	-0.7262	1.5056	-0.7312	6.6132	-5.694	5.9059	-5.0849	1.2539	ambiguous_keep	
cluster0	chr7	1286	9	714	774	60	79200001.0	85100001.1	5.6305	4.7338	2.8615	2.0237	0.7262	1.226	0.7312	1.0058	5.694	7.1774	5.0849	6.4097	1.2539	keep_focal	
cluster0	chr7	1286	10	774	823	49	85200001.0	90000001.1	2.8039	2.0237	4.7338	3.4278	-1.226	-0.7603	-1.0058	-0.496	-7.1774	-4.1123	-6.4097	-3.6724	1.2539	keep_focal	
cluster0	chr7	1286	12	1369	1392	23	145700001.0	148100001.1	1.1961	1.0468	3.4278	2.2845	-1.7112	-1.1259	-1.7251	-1.1341	-7.6994	-4.3713	-6.8759	-3.9037	1.2539	keep_focal	
cluster1	chr7	833	1	79	104	25	8300001.0	10700001.1	1.3936	1.0653	3.0362	4.1924	-1.5109	-1.9765	-1.2377	-1.7435	-5.2898	-8.5336	-4.586	-7.3983	1.3305	keep_focal	
cluster1	chr7	833	4	509	529	20	51400001.0	53500001.1	0.8219	0.7359	2.9653	2.8333	-2.0106	-1.945	-2.0443	-1.7398	-7.2548	-5.5565	-6.2896	-4.8173	1.3305	keep_focal	
cluster1	chr7	833	5	529	598	69	53600001.0	67300001.1	2.7448	2.8333	0.7359	0.3166	1.945	3.1617	1.7398	3.1068	5.5565	8.5917	4.8173	7.4486	1.3305	keep_focal	
cluster1	chr7	833	6	598	624	26	67400001.0	69900001.1	0.3186	0.3166	2.8333	0.5319	-3.1617	-0.7484	-3.1068	-1.8032	-8.5917	-3.6587	-7.4486	-3.172	1.3305	merge_right	624.0
cluster1	chr7	833	7	624	658	34	70000001.0	73300001.1	1.112	0.5319	0.3166	2.8138	0.7484	-2.4033	1.8032	-1.6284	3.6587	-7.115	3.172	-6.1685	1.3305	merge_left	624.0
cluster1	chr7	833	8	658	714	56	73400001.0	79100001.1	3.438	2.8138	0.5319	4.5974	2.4033	-0.7083	1.6284	-0.6958	7.115	-5.4227	6.1685	-4.7013	1.3305	ambiguous_keep	
cluster1	chr7	833	9	714	774	60	79200001.0	85100001.1	5.5691	4.5974	2.8138	2.5367	0.7083	0.8579	0.6958	0.7182	5.4227	4.4675	4.7013	3.8731	1.3305	keep_focal	
cluster1	chr7	833	10	774	802	28	85200001.0	87900001.1	3.3851	2.5367	4.5974	1.502	-0.8579	0.7561	-0.7182	0.6906	-4.4675	2.6918	-3.8731	2.3337	1.3305	merge_right	802.0
cluster1	chr7	833	11	802	823	21	88000001.0	90000001.1	2.0974	1.502	2.5367	3.5738	-0.7561	-1.2506	-0.6906	-0.9886	-2.6918	-5.0282	-2.3337	-4.3592	1.3305	merge_left	802.0
cluster2	chr7	603	1	79	103	24	8300001.0	10600001.1	1.588	1.3557	3.0374	4.0609	-1.1638	-1.5828	-1.0418	-1.4807	-4.5412	-7.3105	-4.9605	-7.9855	0.8381	keep_focal	
cluster2	chr7	603	4	509	529	20	51400001.0	53500001.1	1.0872	0.8898	3.2244	2.8462	-1.8574	-1.6775	-1.6839	-1.3395	-6.5187	-4.6306	-7.1205	-5.0582	0.8381	keep_focal	
cluster2	chr7	603	5	529	598	69	53600001.0	67300001.1	2.7512	2.8462	0.8898	0.5402	1.6775	2.3976	1.3395	2.3564	4.6306	7.5819	5.0582	8.2819	0.8381	keep_focal	
cluster2	chr7	603	6	598	625	27	67400001.0	70000001.1	0.5372	0.5402	2.8462	0.6618	-2.3976	-0.293	-2.3564	-1.3216	-7.5819	-3.2121	-8.2819	-3.5086	0.8381	keep_focal	
cluster2	chr7	603	7	625	657	32	70100001.0	73200001.1	1.3429	0.6618	0.5402	2.8436	0.293	-2.1032	1.3216	-1.3078	3.2121	-5.8194	3.5086	-6.3566	0.8381	ambiguous_keep	
cluster2	chr7	603	8	657	712	55	73300001.0	78900001.1	3.3244	2.8436	0.6618	4.6456	2.1032	-0.7081	1.3078	-0.6181	5.8194	-4.6843	6.3566	-5.1168	0.8381	ambiguous_keep	
cluster2	chr7	603	9	712	774	62	79000001.0	85100001.1	5.1025	4.6456	2.8436	2.4475	0.7081	0.9246	0.6181	0.7758	4.6843	5.5273	5.1168	6.0376	0.8381	keep_focal	
cluster2	chr7	603	10	774	823	49	85200001.0	90000001.1	2.9801	2.4475	4.6456	3.584	-0.9246	-0.5503	-0.7758	-0.4107	-5.5273	-3.471	-6.0376	-3.7914	0.8381	keep_focal	
cluster3	chr7	556	1	79	104	25	8300001.0	10700001.1	1.4381	1.2808	2.8053	4.1844	-1.1311	-1.708	-1.1651	-1.7109	-5.004	-8.4666	-4.3235	-7.3152	1.3395	keep_focal	
cluster3	chr7	556	3	302	391	89	30600001.0	39400001.1	2.7555	2.2842	4.1844	3.2558	-0.8734	-0.5113	-0.7728	-0.43	-7.8388	-3.7833	-6.7729	-3.2688	1.3395	merge_right	391.0
cluster3	chr7	556	5	509	529	20	51400001.0	53500001.1	0.8919	0.6887	3.2558	2.5682	-2.241	-1.8988	-2.0572	-1.5933	-7.4486	-5.1839	-6.4357	-4.479	1.3395	keep_focal	
cluster3	chr7	556	6	529	598	69	53600001.0	67300001.1	2.6913	2.5682	0.6887	0.369	1.8988	2.799	1.5933	2.8212	5.1839	8.1272	4.479	7.0221	1.3395	keep_focal	
cluster3	chr7	556	7	598	624	26	67400001.0	69900001.1	0.3808	0.369	2.5682	0.568	-2.799	-0.6223	-2.8212	-1.4789	-8.1272	-3.1057	-7.0221	-2.6834	1.3395	merge_right	624.0
cluster3	chr7	556	8	624	658	34	70000001.0	73300001.1	1.0614	0.568	0.369	3.0625	0.6223	-2.4306	1.4789	-1.7397	3.1057	-7.5221	2.6834	-6.4993	1.3395	merge_left	624.0
cluster3	chr7	556	9	658	712	54	73400001.0	78900001.1	3.5448	3.0625	0.568	4.9468	2.4306	-0.6918	1.7397	-0.744	7.5221	-5.9166	6.4993	-5.1121	1.3395	ambiguous_keep	
cluster3	chr7	556	10	712	774	62	79000001.0	85100001.1	5.9368	4.9468	3.0625	2.8804	0.6918	0.7802	0.744	0.8262	5.9166	5.221	5.1121	4.511	1.3395	keep_focal	
cluster3	chr7	556	11	774	802	28	85200001.0	87900001.1	3.3483	2.8804	4.9468	1.7121	-0.7802	0.7505	-0.8262	0.6379	-5.221	2.4964	-4.511	2.1569	1.3395	merge_right	802.0
cluster3	chr7	556	12	802	823	21	88000001.0	90000001.1	2.1519	1.7121	2.8804	3.5004	-0.7505	-1.0318	-0.6379	-0.9364	-2.4964	-4.7847	-2.1569	-4.1341	1.3395	merge_left	802.0
cluster3	chr7	556	14	1209	1232	23	129200001.0	131400001.1	5.8375	4.9323	3.5004	2.8498	0.4947	0.7914	0.5034	0.9037	3.6985	5.9627	3.1956	5.1519	1.3395	merge_left	1209.0
cluster4	chr7	182	1	79	104	25	8300001.0	10700001.1	1.0188	0.9191	2.8502	3.9756	-1.6328	-2.1129	-1.6606	-2.1416	-6.4716	-9.511	-6.057	-8.9017	1.1416	keep_focal	
cluster4	chr7	182	4	509	529	20	51400001.0	53500001.1	0.8723	0.6628	2.8375	2.612	-2.0979	-1.9785	-1.9467	-1.5949	-7.0152	-5.133	-6.5657	-4.8042	1.1416	keep_focal	
cluster4	chr7	182	5	529	598	69	53600001.0	67300001.1	2.6351	2.612	0.6628	0.3135	1.9785	3.0584	1.5949	2.9974	5.133	8.2801	4.8042	7.7496	1.1416	keep_focal	
cluster4	chr7	182	6	598	624	26	67400001.0	69900001.1	0.33	0.3135	2.612	0.9761	-3.0584	-1.6384	-2.9974	-1.9182	-8.2801	-4.0389	-7.7496	-3.7802	1.1416	keep_focal	
cluster4	chr7	182	7	624	658	34	70000001.0	73300001.1	1.2472	0.9761	0.3135	2.6636	1.6384	-1.4482	1.9182	-1.4195	4.0389	-6.312	3.7802	-5.9076	1.1416	ambiguous_keep	
cluster4	chr7	182	8	658	712	54	73400001.0	78900001.1	3.3363	2.6636	0.9761	4.5108	1.4482	-0.76	1.4195	-0.6622	6.312	-5.0384	5.9076	-4.7156	1.1416	ambiguous_keep	
cluster4	chr7	182	9	712	774	62	79000001.0	85100001.1	5.2795	4.5108	2.6636	1.9666	0.76	1.1977	0.6622	0.9293	5.0384	6.5519	4.7156	6.1321	1.1416	keep_focal	
cluster4	chr7	182	10	774	823	49	85200001.0	90000001.1	2.7723	1.9666	4.5108	3.4429	-1.1977	-0.8079	-0.9293	-0.5342	-6.5519	-4.3725	-6.1321	-4.0923	1.1416	keep_focal	
cluster4	chr7	182	13	1366	1392	26	145400001.0	148100001.1	1.0726	0.9041	3.0475	2.3725	-1.753	-1.3918	-1.567	-1.3293	-6.5379	-5.258	-6.119	-4.9211	1.1416	keep_focal	
all	chr8	3460	2	875	934	59	97500001.0	103400001.1	5.069	4.238	3.1613	3.2189	0.4229	0.3968	0.481	0.3981	5.2549	3.6423	4.3546	3.0183	1.4562	merge_right	934.0
all	chr8	3460	5	1239	1285	46	134100001.0	138600001.1	1.7006	0.9243	5.6243	4.4925	-2.6053	-2.2811	-1.882	-1.5112	-13.5976	-8.9649	-11.2681	-7.4291	1.4562	keep_focal	
cluster0	chr8	1286	2	875	934	59	97500001.0	103400001.1	4.8626	4.1195	3.0677	3.0604	0.4253	0.4287	0.4582	0.4103	4.9168	3.6696	4.0302	3.0079	1.4883	merge_right	934.0
cluster0	chr8	1286	5	1239	1285	46	134100001.0	138600001.1	1.6833	0.8888	5.5028	4.3485	-2.6303	-2.2907	-1.8651	-1.4898	-13.372	-8.7609	-10.9609	-7.1812	1.4883	keep_focal	
cluster1	chr8	833	2	875	934	59	97500001.0	103400001.1	4.7715	4.0523	2.9936	2.8429	0.4369	0.5114	0.4477	0.427	4.7649	3.7731	3.7776	2.9913	1.591	merge_right	934.0
cluster1	chr8	833	5	1239	1285	46	134100001.0	138600001.1	1.5518	0.7566	5.2976	4.273	-2.8077	-2.4976	-1.9676	-1.5767	-13.7596	-9.0344	-10.9086	-7.1625	1.591	keep_focal	
cluster2	chr8	603	3	995	1048	53	109700001.0	114900001.1	3.2495	3.0883	3.8157	5.5055	-0.3051	-0.8341	-0.3934	-0.9084	-3.1633	-8.3249	-3.1986	-8.4178	0.978	merge_left	995.0
cluster2	chr8	603	5	1239	1259	20	134100001.0	136000001.1	3.3258	2.8311	5.5055	0.957	-0.9595	1.5647	-0.8749	1.8134	-5.2755	5.7082	-5.3344	5.7719	0.978	ambiguous_keep	
cluster2	chr8	603	6	1259	1285	26	136100001.0	138600001.1	0.9463	0.957	2.8311	5.1351	-1.5647	-2.4237	-1.8134	-2.3442	-5.7082	-9.7	-5.7719	-9.8083	0.978	keep_focal	
cluster3	chr8	556	2	876	916	40	97600001.0	101600001.1	5.3919	5.1946	3.0673	3.4127	0.76	0.6061	0.5882	0.3869	5.4562	3.2781	4.233	2.5432	1.6615	merge_right	916.0
cluster3	chr8	556	5	1239	1285	46	134100001.0	138600001.1	1.5146	0.891	5.3873	4.3277	-2.5961	-2.2801	-2.0734	-1.7212	-14.5386	-9.9836	-11.2791	-7.7454	1.6615	keep_focal	
cluster4	chr8	182	2	396	416	20	42900001.0	47100001.1	1.5936	1.2761	3.2129	6.1107	-1.3321	-2.2596	-1.2062	-2.1436	-5.3603	-10.6256	-3.8927	-7.7165	1.8961	keep_focal	
cluster4	chr8	182	4	565	589	24	62300001.0	65400001.1	2.71	1.886	6.1107	5.5349	-1.696	-1.5532	-1.3775	-1.3175	-8.6349	-7.8781	-6.2708	-5.7212	1.8961	keep_focal	
cluster4	chr8	182	5	589	675	86	65500001.0	74300001.1	6.7544	5.5349	1.886	3.2156	1.5532	0.7835	1.3175	0.9619	7.8781	6.2763	5.7212	4.5579	1.8961	keep_focal	
cluster4	chr8	182	6	675	700	25	74400001.0	76900001.1	3.4675	3.2156	5.5349	6.7184	-0.7835	-1.063	-0.9619	-1.1673	-6.2763	-8.5467	-4.5579	-6.2068	1.8961	keep_focal	
cluster4	chr8	182	8	1239	1259	20	134100001.0	136000001.1	3.8073	2.5929	6.7184	0.8627	-1.3735	1.5877	-1.0324	2.1433	-6.9829	6.8376	-5.0711	4.9656	1.8961	ambiguous_keep	
cluster4	chr8	182	9	1259	1285	26	136100001.0	138600001.1	0.8618	0.8627	2.5929	5.8941	-1.5877	-2.7724	-2.1433	-2.8901	-6.8376	-12.5006	-4.9656	-9.0781	1.8961	keep_focal	
all	chr9	3460	1	71	94	23	7200001.0	12400001.1	0.8768	0.7754	3.3385	2.9621	-2.1062	-1.9336	-2.08	-2.008	-7.6844	-7.534	-6.9431	-6.8072	1.2249	keep_focal	
all	chr9	3460	2	94	194	100	12500001.0	22600001.1	3.5266	2.9621	0.7754	1.2746	1.9336	1.2166	2.008	0.9529	7.534	4.4851	6.8072	4.0524	1.2249	keep_focal	
all	chr9	3460	3	194	218	24	22700001.0	26600001.1	1.8219	1.2746	2.9621	3.237	-1.2166	-1.3446	-0.9529	-1.035	-4.4851	-5.2713	-4.0524	-4.7628	1.2249	keep_focal	
all	chr9	3460	5	660	689	29	100600001.0	103400001.1	1.6613	1.3339	3.237	2.2428	-1.279	-0.7497	-1.1681	-0.7073	-6.3308	-2.7806	-5.7201	-2.5124	1.2249	merge_right	689.0
all	chr9	3460	6	689	721	32	103500001.0	106600001.1	2.7124	2.2428	1.3339	4.5166	0.7497	-1.0099	0.7073	-0.8179	2.7806	-5.1492	2.5124	-4.6525	1.2249	merge_left	689.0
all	chr9	3460	7	721	816	95	106700001.0	116200001.1	4.7816	4.5166	2.2428	2.0124	1.0099	1.1663	0.8179	1.0989	5.1492	7.1328	4.6525	6.4447	1.2249	keep_focal	
all	chr9	3460	8	816	856	40	116300001.0	120200001.1	2.2324	2.0124	4.5166	3.7861	-1.1663	-0.9118	-1.0989	-0.8711	-7.1328	-5.6227	-6.4447	-5.0803	1.2249	keep_focal	
cluster0	chr9	1286	1	192	218	26	22500001.0	26600001.1	1.7637	1.1694	2.7401	3.1779	-1.2285	-1.4424	-0.8954	-1.0741	-4.4438	-5.6217	-3.8397	-4.8575	1.3394	keep_focal	
cluster0	chr9	1286	3	660	689	29	100600001.0	103400001.1	1.6184	1.2901	3.1779	2.2102	-1.3006	-0.7767	-1.1981	-0.7434	-6.4351	-2.9024	-5.5603	-2.5078	1.3394	merge_right	689.0
cluster0	chr9	1286	4	689	721	32	103500001.0	106600001.1	2.7093	2.2102	1.2901	4.4296	0.7767	-1.003	0.7434	-0.8286	2.9024	-5.2218	2.5078	-4.512	1.3394	merge_left	689.0
cluster0	chr9	1286	5	721	816	95	106700001.0	116200001.1	4.8117	4.4296	2.2102	1.9146	1.003	1.2101	0.8286	1.116	5.2218	7.2426	4.512	6.258	1.3394	keep_focal	
cluster0	chr9	1286	6	816	856	40	116300001.0	120200001.1	2.22	1.9146	4.4296	3.8546	-1.2101	-1.0095	-1.116	-0.877	-7.2426	-5.6503	-6.258	-4.8822	1.3394	keep_focal	
cluster1	chr9	833	1	72	94	22	7300001.0	12400001.1	0.7384	0.6766	3.4093	3.0306	-2.3331	-2.1632	-2.3563	-2.3029	-8.2054	-8.1423	-6.701	-6.6495	1.4994	keep_focal	
cluster1	chr9	833	2	94	194	100	12500001.0	22600001.1	3.6433	3.0306	0.6766	1.2574	2.1632	1.2692	2.3029	0.9361	8.1423	4.4936	6.6495	3.6698	1.4994	keep_focal	
cluster1	chr9	833	3	194	218	24	22700001.0	26600001.1	1.9042	1.2574	3.0306	3.2369	-1.2692	-1.3642	-0.9361	-0.9933	-4.4936	-5.1897	-3.6698	-4.2382	1.4994	keep_focal	
cluster2	chr9	603	1	71	94	23	7200001.0	12400001.1	0.9584	0.8898	3.4342	3.1479	-1.9484	-1.8228	-1.9538	-1.9201	-7.3981	-7.336	-7.7487	-7.6837	0.9116	keep_focal	
cluster2	chr9	603	2	94	178	84	12500001.0	20800001.1	3.627	3.1479	0.8898	1.734	1.8228	0.8603	1.9201	0.799	7.336	4.7064	7.6837	4.9294	0.9116	keep_focal	
cluster2	chr9	603	3	178	218	40	20900001.0	26600001.1	2.0846	1.734	3.1479	3.3312	-0.8603	-0.9419	-0.799	-0.8218	-4.7064	-5.6234	-4.9294	-5.8898	0.9116	keep_focal	
cluster3	chr9	556	1	194	218	24	22700001.0	26600001.1	1.7769	1.2652	2.7267	2.9096	-1.1078	-1.2015	-0.8685	-0.9402	-4.1593	-4.1249	-3.4414	-3.4129	1.4608	keep_focal	
cluster3	chr9	556	2	218	276	58	26700001.0	32400001.1	3.4095	2.9096	1.2652	4.6764	1.2015	-0.6846	0.9402	-0.555	4.1249	-4.1584	3.4129	-3.4406	1.4608	ambiguous_keep	
cluster3	chr9	556	3	276	331	55	32500001.0	38100001.1	5.0091	4.6764	2.9096	1.878	0.6846	1.3162	0.555	1.203	4.1584	6.0409	3.4406	4.9982	1.4608	keep_focal	
cluster3	chr9	556	4	331	355	24	38200001.0	69500001.1	2.1758	1.878	4.6764	3.1034	-1.3162	-0.7246	-1.203	-0.7326	-6.0409	-3.88	-4.9982	-3.2103	1.4608	merge_right	355.0
cluster3	chr9	556	6	660	690	30	100600001.0	103500001.1	1.5907	1.3587	3.1034	1.978	-1.1916	-0.5418	-1.1845	-0.6774	-6.3266	-2.5987	-5.2345	-2.1502	1.4608	merge_right	690.0
cluster3	chr9	556	7	690	721	31	103600001.0	106600001.1	2.5439	1.978	1.3587	4.452	0.5418	-1.1704	0.6774	-0.9423	2.5987	-5.7794	2.1502	-4.7818	1.4608	merge_left	690.0
cluster3	chr9	556	8	721	816	95	106700001.0	116200001.1	4.8883	4.452	1.978	1.831	1.1704	1.2818	0.9423	1.278	5.7794	8.1037	4.7818	6.7049	1.4608	keep_focal	
cluster3	chr9	556	9	816	856	40	116300001.0	120200001.1	2.0158	1.831	4.452	3.7295	-1.2818	-1.0263	-1.278	-1.0596	-8.1037	-6.6842	-6.7049	-5.5304	1.4608	keep_focal	
cluster4	chr9	182	1	164	219	55	19500001.0	26700001.1	2.2012	1.6983	2.8735	3.1691	-0.7588	-0.9	-0.6016	-0.7276	-4.3341	-5.876	-3.7677	-5.1082	1.3232	keep_focal	
cluster2	chr13	603	1	51	100	49	24500001.0	29300001.1	3.2523	3.1271	3.2263	3.9075	-0.045	-0.3214	0.2388	-0.3883	1.4323	-3.2572	1.596	-3.6294	0.8054	merge_left	51.0
cluster2	chr13	603	3	333	353	20	52700001.0	59900001.1	1.6791	1.2801	3.9075	2.3488	-1.61	-0.8757	-1.3421	-0.6172	-6.1743	-2.2508	-6.8798	-2.508	0.8054	merge_right	353.0
cluster2	chr13	603	4	353	396	43	60000001.0	64200001.1	2.5755	2.3488	1.2801	3.5827	0.8757	-0.6091	0.6172	-0.6769	2.2508	-5.1347	2.508	-5.7213	0.8054	merge_left	353.0
cluster3	chr13	556	3	325	350	25	51900001.0	59600001.1	1.9371	1.1834	4.4291	2.4311	-1.904	-1.0386	-1.3881	-0.4039	-7.3939	-1.6642	-6.6418	-1.495	1.2393	merge_right	350.0
cluster3	chr13	556	4	350	395	45	59700001.0	64100001.1	2.5629	2.4311	1.1834	3.6223	1.0386	-0.5753	0.4039	-0.7018	1.6642	-5.303	1.495	-4.7636	1.2393	merge_left	350.0
